SET FOREIGN_KEY_CHECKS=0;

/*!40000 ALTER TABLE `MAST_ASSET_Asset` DISABLE KEYS */;
INSERT INTO `MAST_ASSET_Asset` (`id`, `imo_number`, `name`, `build_date`, `building_contract_date`, `call_sign`, `commission_date`, `class_status_date`, `delivery_date`, `keel_laying_date`, `gross_tonnage`, `harmonisation_date`, `hull_indicator`, `ihs_asset_type`, `ihs_yard_number`, `lead_asset_flag`, `lead_imo`, `primary_yard_number`, `yard_name`, `asset_category_id`, `asset_lifecycle_status_id`, `asset_type_id`, `builder`, `build_country_id`, `class_maintenance_status_id`, `class_department_id`, `class_status_id`, `society_regulations_id`, `previous_society_regulations_id`, `current_flag_state_id`, `proposed_flag_state_id`, `registered_port_id`, `migration_status_id`, `service_ruleset_id`, `deadweight`, `deleted`, `last_update_date`, `last_update_user_id`, `checked_out_to_id`) VALUES
	(1, 1000019, 'Yeolde asset', '2006-04-05 00:00:00', NULL, NULL, NULL, NULL, NULL, NULL, 100, '2016-04-05 00:00:00', 2, NULL, NULL, 1, NULL, 'Yard1', NULL, 12, 3, 7, '1', NULL, NULL, NULL, 1, NULL, NULL, NULL, 100, NULL, NULL, 7, NULL, NULL, NULL, NULL, NULL),
	(2, 1000021, 'HMS Ship', '2008-08-15 00:00:00', NULL, NULL, NULL, NULL, NULL, NULL, 1000, '2001-01-02 00:00:00', 2, NULL, NULL, 1, NULL, '12', NULL, 3, 2, 2, '2', NULL, NULL, NULL, 1, NULL, NULL, NULL, 1, NULL, NULL, 7, NULL, NULL, NULL, NULL, NULL),
	(3, 1000033, 'Other Ship', '2016-04-05 00:00:00', NULL, NULL, '2016-04-20', NULL, NULL, NULL, 2000, '2001-01-03 00:00:00', 0, NULL, NULL, 0, NULL, '12', NULL, 3, 3, 3, '1', NULL, NULL, NULL, 1, NULL, NULL, NULL, 1, NULL, NULL, 7, NULL, NULL, NULL, NULL, NULL),
	(5, 1000045, 'Complete Ship', '2011-08-19 00:00:00', NULL, NULL, '2016-04-20', NULL, NULL, NULL, 2000, '2005-01-01 00:00:00', 1, NULL, NULL, 0, NULL, '12', NULL, 5, 3, 5, '1', NULL, NULL, NULL, 1, NULL, NULL, NULL, 1, NULL, NULL, 7, NULL, NULL, NULL, NULL, NULL),
	(6, 1000057, 'Incomplete Ship', '2003-11-19 00:00:00', NULL, NULL, '2016-04-20', NULL, NULL, NULL, 2000, '2013-11-19 00:00:00', 3, NULL, NULL, 0, NULL, '12', NULL, 7, 3, 6, '1', NULL, NULL, NULL, 1, NULL, NULL, NULL, 1, NULL, NULL, 10, NULL, NULL, NULL, NULL, NULL),
	(7, 1000069, 'ABouyC', '2003-11-19 00:00:00', NULL, NULL, NULL, NULL, NULL, NULL, 2, '2001-07-01 00:00:00', 3, NULL, NULL, 0, NULL, '6', NULL, 6, 3, 7, '1', NULL, NULL, NULL, 1, NULL, NULL, NULL, 1, NULL, NULL, 7, NULL, NULL, NULL, NULL, NULL);
/*!40000 ALTER TABLE `MAST_ASSET_Asset` ENABLE KEYS */;

/*!40000 ALTER TABLE `MAST_ASSET_AssetProduct` DISABLE KEYS */;
INSERT INTO `MAST_ASSET_AssetProduct` (`id`, `product_catalogue_id`, `asset_id`, `deleted`, `last_update_date`, `last_update_user_id`, `scheduling_regime_id`) VALUES
	(1, 1, 1, 1, NULL, NULL, NULL),
	(2, 2, 2, 0, NULL, NULL, NULL),
	(3, 3, 1, 0, NULL, NULL, NULL),
	(4, 1, 2, 0, NULL, NULL, NULL),
	(5, 5, 5, 0, NULL, NULL, NULL),
	(6, 5, 1, 0, NULL, NULL, NULL),
	(7, 7, 1, 0, NULL, NULL, NULL),
	(8, 8, 1, 0, NULL, NULL, NULL),
	(9, 17, 1, 0, NULL, NULL, NULL),
	(10, 25, 1, 0, NULL, NULL, NULL),
	(11, 38, 1, 0, NULL, NULL, NULL),
	(12, 44, 1, 0, NULL, NULL, NULL),
	(13, 46, 1, 0, NULL, NULL, NULL),
	(14, 2, 1, 0, NULL, NULL, NULL),
	(15, 10, 1, 0, NULL, NULL, NULL),
	(16, 27, 1, 0, NULL, NULL, NULL),
	(17, 34, 1, 0, NULL, NULL, NULL),
	(18, 32, 1, 0, NULL, NULL, NULL);
/*!40000 ALTER TABLE `MAST_ASSET_AssetProduct` ENABLE KEYS */;

/*!40000 ALTER TABLE `MAST_ASSET_ScheduledService` DISABLE KEYS */;
INSERT INTO `MAST_ASSET_ScheduledService` (`id`, `asset_id`, `service_catalogue_id`, `product_id`, `cycle_periodicity`, `assigned_date`, `assigned_date_manual`, `due_date`, `due_date_manual`, `lower_range_date`, `lower_range_date_manual`, `upper_range_date`, `upper_range_date_manual`, `service_status_id`, `service_credit_status_id`, `completion_date`, `provisional_date_flag`, `crediting_date`, `service_cycle_number`, `service_occurence_number`, `last_credited_job`, `last_partheld_job`, `provisional`, `continuous`, `deleted`, `last_update_date`, `last_update_user_id`) VALUES
	(1, 1, 555, 0, 0, NULL, NULL, NULL, NULL, NULL, NULL, NULL, NULL, 7, NULL, NULL, 0, NULL, NULL, 1, NULL, NULL, NULL, 1, 0, NULL, NULL),
	(2, 1, 555, 0, 0, NULL, NULL, '2016-04-04 09:40:58', NULL, NULL, NULL, NULL, NULL, 6, NULL, NULL, 0, NULL, NULL, 1, NULL, NULL, NULL, 1, 0, NULL, NULL),
	(3, 2, 17, 0, 0, NULL, NULL, NULL, NULL, NULL, NULL, NULL, NULL, 7, NULL, NULL, 0, NULL, NULL, 1, NULL, NULL, NULL, NULL, 0, NULL, NULL),
	(4, 2, 555, 0, 0, NULL, NULL, '2018-08-14 13:17:26', NULL, NULL, NULL, NULL, NULL, 6, NULL, NULL, 0, NULL, NULL, NULL, NULL, NULL, NULL, NULL, 0, NULL, NULL);
/*!40000 ALTER TABLE `MAST_ASSET_ScheduledService` ENABLE KEYS */;

/*!40000 ALTER TABLE `MAST_CDH_Organisation` DISABLE KEYS */;
INSERT INTO `MAST_CDH_Organisation` (`id`, `lr_approved_flag`, `party_id`, `deleted`, `last_update_date`) VALUES
	(1, 1, 1, NULL, NULL),
	(2, 1, 2, NULL, NULL),
	(3, 1, 3, NULL, NULL),
	(4, 1, 4, NULL, NULL),
	(5, 1, 5, NULL, NULL),
	(6, 1, 6, NULL, NULL),
	(7, 1, 7, NULL, NULL),
	(8, 1, 8, NULL, NULL),
	(9, 1, 9, NULL, NULL),
	(10, 1, 10, NULL, NULL),
	(11, 1, 11, NULL, NULL),
	(12, 1, 12, NULL, NULL),
	(13, 1, 13, NULL, NULL),
	(14, 1, 14, NULL, NULL),
	(15, 1, 15, NULL, NULL),
	(16, 1, 16, NULL, NULL),
	(17, 1, 17, NULL, NULL),
	(18, 1, 18, NULL, NULL),
	(19, 1, 19, NULL, NULL),
	(20, 1, 20, NULL, NULL),
	(21, 1, 21, NULL, NULL),
	(22, 1, 22, NULL, NULL),
	(23, 1, 23, NULL, NULL),
	(24, 1, 24, NULL, NULL),
	(25, 1, 25, NULL, NULL),
	(26, 1, 26, NULL, NULL),
	(27, 1, 27, NULL, NULL),
	(28, 1, 28, NULL, NULL),
	(29, 1, 29, NULL, NULL);
/*!40000 ALTER TABLE `MAST_CDH_Organisation` ENABLE KEYS */;

/*!40000 ALTER TABLE `MAST_REF_AssetCategory` DISABLE KEYS */;
INSERT INTO `MAST_REF_AssetCategory` (`id`, `name`, `case_type_id`, `description`, `deleted`, `last_update_date`, `last_update_user_id`) VALUES
	(1, 'ANY', 0, NULL, NULL, NULL, NULL),
	(2, 'ASSET', 0, NULL, NULL, NULL, NULL),
	(3, 'ASSET TEMPLATE', 0, NULL, NULL, NULL, NULL),
	(4, 'COMPONENT TEMPLATE', 0, NULL, NULL, NULL, NULL),
	(5, 'ACV', 0, NULL, NULL, NULL, NULL),
	(6, 'BUOY', 0, NULL, NULL, NULL, NULL),
	(7, 'FLOATING DOCK', 0, NULL, NULL, NULL, NULL),
	(8, 'LINKSPAN', 0, NULL, NULL, NULL, NULL),
	(9, 'MANAGEMENT SYSTEM', 0, NULL, NULL, NULL, NULL),
	(10, 'ROU PLATFORM', 0, NULL, NULL, NULL, NULL),
	(11, 'SHIPLIFT', 0, NULL, NULL, NULL, NULL),
	(12, 'VESSEL', 0, NULL, NULL, NULL, NULL);
/*!40000 ALTER TABLE `MAST_REF_AssetCategory` ENABLE KEYS */;

/*!40000 ALTER TABLE `MAST_REF_AssetLifecycleStatus` DISABLE KEYS */;
INSERT INTO `MAST_REF_AssetLifecycleStatus` (`id`, `name`, `description`, `deleted`, `last_update_date`, `last_update_user_id`) VALUES
	(1, 'Under Construction', NULL, NULL, NULL, NULL),
	(2, 'Build Suspended', NULL, NULL, NULL, NULL),
	(3, 'In service', NULL, NULL, NULL, NULL),
	(4, 'Laid up', NULL, NULL, NULL, NULL),
	(5, 'Under repair', NULL, NULL, NULL, NULL),
	(6, 'In casualty', NULL, NULL, NULL, NULL),
	(7, 'Converting', NULL, NULL, NULL, NULL),
	(8, 'To be broken up', NULL, NULL, NULL, NULL),
	(9, 'Decommisioned', NULL, NULL, NULL, NULL),
	(10, 'To be handed over', NULL, NULL, NULL, NULL),
	(11, 'Cancelled', NULL, NULL, NULL, NULL);
/*!40000 ALTER TABLE `MAST_REF_AssetLifecycleStatus` ENABLE KEYS */;

/*!40000 ALTER TABLE `MAST_REF_AssetType` DISABLE KEYS */;
INSERT INTO `MAST_REF_AssetType` (`id`, `emblem`, `description`, `level_5_name`, `level_5_code`, `asset_category_id`, `deleted`, `last_update_date`, `last_update_user_id`) VALUES
	(1, 'Cargo Carrying', '3123213', '', '', 0, NULL, NULL, 1),
	(2, 'Work Vessel', '', '', '', 0, NULL, NULL, 1),
	(3, 'Non Seagoing Merchant ships', '', '', '', 0, NULL, NULL, 1),
	(4, 'Non Merchant ', '', '', '', 0, NULL, NULL, 1),
	(5, 'Non Propelled', '', '', '', 0, NULL, NULL, 1),
	(6, 'Non Ship Structures', '', '', '', 0, NULL, NULL, 1),
	(7, 'Tankers', 'Tankers', '', '', 0, NULL, NULL, 2),
	(8, 'Bulk Carriers', 'Bulk Carriers', '', '', 0, NULL, NULL, 2),
	(9, 'Dry Cargo/Passenger', 'Dry Cargo/Passenger', '', '', 0, NULL, NULL, 2),
	(10, 'Fishing', 'Fishing', '', '', 0, NULL, NULL, 2),
	(11, 'Offshore', 'Offshore', '', '', 0, NULL, NULL, 2),
	(12, 'Miscellaneous', 'Miscellaneous', '', '', 0, NULL, NULL, 2),
	(13, 'Inland Waterways', 'Inland Waterways', '', '', 0, NULL, NULL, 2),
	(14, 'Non Merchant', 'Non Merchant', '', '', 0, NULL, NULL, 2),
	(15, 'Non Propelled', 'Non Propelled', '', '', 0, NULL, NULL, 2),
	(16, 'Non Ship Structures', 'Non Ship Structures', '', '', 0, NULL, NULL, 2),
	(17, 'Liquefied Gas', 'Liquefied Gas', '', '', 0, NULL, NULL, 3),
	(18, 'Chemical', 'Chemical', '', '', 0, NULL, NULL, 3),
	(19, 'Oil', 'Oil', '', '', 0, NULL, NULL, 3),
	(20, 'Other Liquids', 'Other Liquids', '', '', 0, NULL, NULL, 3);
/*!40000 ALTER TABLE `MAST_REF_AssetType` ENABLE KEYS */;

/*!40000 ALTER TABLE `MAST_REF_AssignedSchedulingType` DISABLE KEYS */;
INSERT INTO `MAST_REF_AssignedSchedulingType` (`id`, `name`, `deleted`, `last_update_date`, `last_update_user_id`) VALUES
	(1, 'None', NULL, NULL, NULL),
	(2, 'Current, Previous Or Next Harmonisation Date', NULL, NULL, NULL),
	(3, 'Date On Completion', NULL, NULL, NULL),
	(4, 'Date On Completion Or Due Date', NULL, NULL, NULL),
	(5, 'Harmonisation Date', NULL, NULL, NULL),
	(6, 'Harmonised Intermediate', NULL, NULL, NULL),
	(7, 'HSSC 1 Year Renewal', NULL, NULL, NULL),
	(8, 'Non Class Date On Completion Or Due Date', NULL, NULL, NULL),
	(9, 'Partial / Non Harmonised Intermediate', NULL, NULL, NULL);
/*!40000 ALTER TABLE `MAST_REF_AssignedSchedulingType` ENABLE KEYS */;

/*!40000 ALTER TABLE `MAST_REF_AssociatedSchedulingType` DISABLE KEYS */;
INSERT INTO `MAST_REF_AssociatedSchedulingType` (`id`, `name`, `deleted`, `last_update_date`, `last_update_user_id`) VALUES
	(1, 'CL-A - No Rescheduling Required', NULL, NULL, NULL),
	(2, 'CL-B - Core Hull Cycle (General)', NULL, NULL, NULL),
	(3, 'CL-C - Core Hull Cycle (Laker)', NULL, NULL, NULL),
	(4, 'CL-D - Core Hull Cycle (IWW)', NULL, NULL, NULL),
	(5, 'CL-E - Core Hull Cycle (SSC)', NULL, NULL, NULL),
	(6, 'CL-F - Renewal Only (6 or 5 year cycle) or S/A 2 in SC', NULL, NULL, NULL),
	(7, 'CL-G - Renewal and Annual (6, 5 or 4 year cycle)', NULL, NULL, NULL),
	(8, 'ST-A - No Rescheduling Required', NULL, NULL, NULL),
	(9, 'ST-B - Special Case - Safety Equipment (Non HSSC)', NULL, NULL, NULL),
	(10, 'ST-C - Special Case - Safcon (Non HSSC)', NULL, NULL, NULL),
	(11, 'ST-D - Renewal Only (5 or 1 year cycle)', NULL, NULL, NULL),
	(12, 'ST-E - Renewal and Intermediate (5 year cycle)', NULL, NULL, NULL),
	(13, 'ST-F - Renewal and Annual (5 or 4 year cycle)', NULL, NULL, NULL),
	(14, 'ST-G - Renewal, Intermediate and Annual (5 year cycle)', NULL, NULL, NULL),
	(15, 'MM-A - Renewal and Periodic (5 year cycle)', NULL, NULL, NULL);
/*!40000 ALTER TABLE `MAST_REF_AssociatedSchedulingType` ENABLE KEYS */;

/*!40000 ALTER TABLE `MAST_REF_ClassStatus` DISABLE KEYS */;
INSERT INTO `MAST_REF_ClassStatus` (`id`, `name`, `description`, `deleted`, `last_update_date`, `last_update_user_id`) VALUES
	(1, 'Class Contemplated', NULL, NULL, NULL, NULL),
	(2, 'In Class (Pending Class Exec Approval)', NULL, NULL, NULL, NULL),
	(3, 'In Class', NULL, NULL, NULL, NULL),
	(4, 'In Class (Laid Up)', NULL, NULL, NULL, NULL),
	(5, 'Class Suspended', NULL, NULL, NULL, NULL),
	(6, 'Cancelled', NULL, NULL, NULL, NULL),
	(7, 'Class Withdrawn(Disclassed)', NULL, NULL, NULL, NULL);
/*!40000 ALTER TABLE `MAST_REF_ClassStatus` ENABLE KEYS */;

/*!40000 ALTER TABLE `MAST_REF_FlagAdministration` DISABLE KEYS */;
INSERT INTO `MAST_REF_FlagAdministration` (`id`, `name`, `deleted`, `last_update_date`, `last_update_user_id`) VALUES
	(2, 'No Longer Needed ?  (LLP)', NULL, NULL, NULL),
	(3, 'Australian Antarctic Territory', NULL, NULL, NULL),
	(4, 'Antigua & Barbuda', NULL, NULL, NULL),
	(5, 'U.A.E. (Abu Dhabi) (Do Not Use)', NULL, NULL, NULL),
	(6, 'American Caribbean Is. (Do Not Use', NULL, NULL, NULL),
	(7, 'Aden (British)', NULL, NULL, NULL),
	(8, 'Anglo-Egyptian Sudan', NULL, NULL, NULL),
	(9, 'Afghanistan', NULL, NULL, NULL),
	(10, 'Africa', NULL, NULL, NULL),
	(11, 'South Arabian Federation', NULL, NULL, NULL),
	(12, 'Algeria (French)', NULL, NULL, NULL),
	(13, 'Anguilla', NULL, NULL, NULL),
	(14, 'Austria-Hungary', NULL, NULL, NULL),
	(15, 'Australian Indian Ocean Islands', NULL, NULL, NULL),
	(16, 'U.A.E. (Ajman) (Do Not Use)', NULL, NULL, NULL),
	(17, 'Angola', NULL, NULL, NULL),
	(18, 'Albania', NULL, NULL, NULL),
	(19, 'Algeria', NULL, NULL, NULL),
	(20, 'Andorra', NULL, NULL, NULL),
	(21, 'Angola, Portuguese', NULL, NULL, NULL),
	(22, 'Antigua (British)', NULL, NULL, NULL),
	(23, 'Australasia', NULL, NULL, NULL),
	(24, 'United States Pacific Islands', NULL, NULL, NULL),
	(25, 'Arctic', NULL, NULL, NULL),
	(26, 'Falkland Is (Argentine-occupied)', NULL, NULL, NULL),
	(27, 'Argentina', NULL, NULL, NULL),
	(28, 'Armenia', NULL, NULL, NULL),
	(29, 'Aruba', NULL, NULL, NULL),
	(30, 'American Samoa', NULL, NULL, NULL),
	(31, 'Asia', NULL, NULL, NULL),
	(32, 'Australia', NULL, NULL, NULL),
	(33, 'Antarctic', NULL, NULL, NULL),
	(34, 'Atlantic', NULL, NULL, NULL),
	(35, 'Austria', NULL, NULL, NULL),
	(36, 'Virgin Islands, US', NULL, NULL, NULL),
	(37, 'Azerbaijan', NULL, NULL, NULL),
	(38, 'Azores', NULL, NULL, NULL),
	(39, 'Bahamas', NULL, NULL, NULL),
	(40, 'Baltic Sea', NULL, NULL, NULL),
	(41, 'British Antarctic Territory', NULL, NULL, NULL),
	(42, 'Barbados', NULL, NULL, NULL),
	(43, 'Bahamas (British)', NULL, NULL, NULL),
	(44, 'Burma (British)', NULL, NULL, NULL),
	(45, 'Brunei (British)', NULL, NULL, NULL),
	(46, 'Ceylon (British)', NULL, NULL, NULL),
	(47, 'Belgian Congo', NULL, NULL, NULL),
	(48, 'Cyprus (British)', NULL, NULL, NULL),
	(49, 'Burundi', NULL, NULL, NULL),
	(50, 'Belarus', NULL, NULL, NULL),
	(51, 'Benin', NULL, NULL, NULL),
	(52, 'Bermuda', NULL, NULL, NULL),
	(53, 'Fiji (British)', NULL, NULL, NULL),
	(54, 'British Guiana', NULL, NULL, NULL),
	(55, 'British Honduras', NULL, NULL, NULL),
	(56, 'British Indian Ocean Territory', NULL, NULL, NULL),
	(57, 'Jamaica (British)', NULL, NULL, NULL),
	(58, 'Burkina Faso', NULL, NULL, NULL),
	(59, 'Black Sea', NULL, NULL, NULL),
	(60, 'Belgium', NULL, NULL, NULL),
	(61, 'Belize (British)', NULL, NULL, NULL),
	(62, 'Burma', NULL, NULL, NULL),
	(63, 'Malta (British)', NULL, NULL, NULL),
	(64, 'Mauritius (British)', NULL, NULL, NULL),
	(65, 'British North Borneo', NULL, NULL, NULL),
	(66, 'Bangladesh', NULL, NULL, NULL),
	(67, 'Bolivia', NULL, NULL, NULL),
	(68, 'Bonaire', NULL, NULL, NULL),
	(69, 'Bosnia & Herzegovina', NULL, NULL, NULL),
	(70, 'Pitcairn', NULL, NULL, NULL),
	(71, 'Palestine (British Mandate)', NULL, NULL, NULL),
	(72, 'British India', NULL, NULL, NULL),
	(73, 'Bahrain', NULL, NULL, NULL),
	(74, 'Brunei', NULL, NULL, NULL),
	(75, 'Brazil', NULL, NULL, NULL),
	(76, 'British South Africa', NULL, NULL, NULL),
	(77, 'Singapore (British)', NULL, NULL, NULL),
	(78, 'British Somaliland', NULL, NULL, NULL),
	(79, 'Straits Settlements (British)', NULL, NULL, NULL),
	(80, 'Seychelles (British)', NULL, NULL, NULL),
	(81, 'Botswana', NULL, NULL, NULL),
	(82, 'Bulgaria', NULL, NULL, NULL),
	(83, 'Virgin Islands, British', NULL, NULL, NULL),
	(84, 'Belize', NULL, NULL, NULL),
	(85, 'Zanzibar (British)', NULL, NULL, NULL),
	(86, 'Central African Republic', NULL, NULL, NULL),
	(87, 'Cambodia', NULL, NULL, NULL),
	(88, 'Canada', NULL, NULL, NULL),
	(89, 'Caribbean', NULL, NULL, NULL),
	(90, 'Cayman Islands', NULL, NULL, NULL),
	(91, 'Congo (Democratic Republic)', NULL, NULL, NULL),
	(92, 'Ceylon', NULL, NULL, NULL),
	(93, 'Congo Free State', NULL, NULL, NULL),
	(94, 'Chad', NULL, NULL, NULL),
	(95, '', NULL, NULL, NULL),
	(96, 'China, Japanese Occupied', NULL, NULL, NULL),
	(97, 'Chile', NULL, NULL, NULL),
	(98, 'Chinese Empire', NULL, NULL, NULL),
	(99, 'China, People\'s Republic of', NULL, NULL, NULL),
	(100, 'Chinese Taipei', NULL, NULL, NULL),
	(101, 'Cook Islands', NULL, NULL, NULL),
	(102, 'Cambodia', NULL, NULL, NULL),
	(103, 'French Cameroun', NULL, NULL, NULL),
	(104, 'Christmas Island', NULL, NULL, NULL),
	(105, 'Cameroon', NULL, NULL, NULL),
	(106, 'Comoros', NULL, NULL, NULL),
	(107, 'Canada -Lakes', NULL, NULL, NULL),
	(108, 'Canary Islands', NULL, NULL, NULL),
	(109, 'Cocos (Keeling) Islands', NULL, NULL, NULL),
	(110, 'Congo (Kinshasa)', NULL, NULL, NULL),
	(111, 'Colombia', NULL, NULL, NULL),
	(112, 'Comores (French)', NULL, NULL, NULL),
	(113, 'Congo', NULL, NULL, NULL),
	(114, 'Costa Rica', NULL, NULL, NULL),
	(115, 'Croatia', NULL, NULL, NULL),
	(116, 'Croatia', NULL, NULL, NULL),
	(117, 'Spain (CSR)', NULL, NULL, NULL),
	(118, 'Cuba', NULL, NULL, NULL),
	(119, 'Curacao', NULL, NULL, NULL),
	(120, 'Cape Verde Is. (Portuguese)', NULL, NULL, NULL),
	(121, 'Cyprus', NULL, NULL, NULL),
	(122, 'Czechoslovakia', NULL, NULL, NULL),
	(123, 'Czech Republic', NULL, NULL, NULL),
	(124, 'Dahomey', NULL, NULL, NULL),
	(125, 'Danzig Free City', NULL, NULL, NULL),
	(126, 'Denmark', NULL, NULL, NULL),
	(127, 'Denmark (DIS)', NULL, NULL, NULL),
	(128, 'Djibouti', NULL, NULL, NULL),
	(129, 'Dominica', NULL, NULL, NULL),
	(130, 'Dominica (British)', NULL, NULL, NULL),
	(131, 'Dominican Republic', NULL, NULL, NULL),
	(132, 'U.A.E. (Dubai) (Do Not Use)', NULL, NULL, NULL),
	(133, 'East Africa', NULL, NULL, NULL),
	(134, 'Ecuador', NULL, NULL, NULL),
	(135, 'Eastern Europe', NULL, NULL, NULL),
	(136, 'Egypt (British)', NULL, NULL, NULL),
	(137, 'Egypt (Turkish)', NULL, NULL, NULL),
	(138, 'Egypt', NULL, NULL, NULL),
	(139, 'Eire', NULL, NULL, NULL),
	(140, 'El Salvador', NULL, NULL, NULL),
	(141, 'East Pakistan', NULL, NULL, NULL),
	(142, 'Equatorial Guinea', NULL, NULL, NULL),
	(143, 'Eritrea', NULL, NULL, NULL),
	(144, 'Eritrea', NULL, NULL, NULL),
	(145, 'Estonia (pre-1940)', NULL, NULL, NULL),
	(146, 'Ethiopia', NULL, NULL, NULL),
	(147, 'Timor-Leste', NULL, NULL, NULL),
	(148, 'Estonia', NULL, NULL, NULL),
	(149, 'Europe', NULL, NULL, NULL),
	(150, 'Falkland Islands', NULL, NULL, NULL),
	(151, 'Faeroe Islands', NULL, NULL, NULL),
	(152, 'Faeroes (FAS)', NULL, NULL, NULL),
	(153, 'French Antarctic Territory', NULL, NULL, NULL),
	(154, 'French Congo', NULL, NULL, NULL),
	(155, 'Far East', NULL, NULL, NULL),
	(156, 'French Guiana', NULL, NULL, NULL),
	(157, 'French Indo-China', NULL, NULL, NULL),
	(158, 'South Georgia', NULL, NULL, NULL),
	(159, 'Fiji', NULL, NULL, NULL),
	(160, 'Finland', NULL, NULL, NULL),
	(161, 'France (FIS)', NULL, NULL, NULL),
	(162, 'French Morocco', NULL, NULL, NULL),
	(163, 'Flag not required', NULL, NULL, NULL),
	(164, 'French Polynesia', NULL, NULL, NULL),
	(165, 'France', NULL, NULL, NULL),
	(166, 'French India', NULL, NULL, NULL),
	(167, 'French Somaliland', NULL, NULL, NULL),
	(168, 'Tunisia (French)', NULL, NULL, NULL),
	(169, 'U.A.E. (Fujairah) (Do Not Use)', NULL, NULL, NULL),
	(170, 'French West Africa', NULL, NULL, NULL),
	(171, 'Gabon', NULL, NULL, NULL),
	(172, 'Gambia', NULL, NULL, NULL),
	(173, 'London Greek', NULL, NULL, NULL),
	(174, 'United Kingdom (Historic)', NULL, NULL, NULL),
	(175, 'United Kingdom', NULL, NULL, NULL),
	(176, 'United Kingdom (Minor)', NULL, NULL, NULL),
	(177, 'United Kingdom (London)', NULL, NULL, NULL),
	(178, 'Gilbert Islands', NULL, NULL, NULL),
	(179, 'Guadeloupe', NULL, NULL, NULL),
	(180, 'German Democratic Republic', NULL, NULL, NULL),
	(181, 'German East Africa', NULL, NULL, NULL),
	(182, 'Georgia', NULL, NULL, NULL),
	(183, 'Germany (pre-1949)', NULL, NULL, NULL),
	(184, 'Germany', NULL, NULL, NULL),
	(185, 'Germany, Federal Rep. of (ISR)', NULL, NULL, NULL),
	(186, 'Germany, Federal Republic of', NULL, NULL, NULL),
	(187, 'Ghana', NULL, NULL, NULL),
	(188, 'Gibraltar', NULL, NULL, NULL),
	(189, 'Gilbert & Ellice Islands', NULL, NULL, NULL),
	(190, 'Guinea-Bissau', NULL, NULL, NULL),
	(191, 'Portuguese India', NULL, NULL, NULL),
	(192, 'German-occupied Belgium', NULL, NULL, NULL),
	(193, 'Bohemia-Moravia', NULL, NULL, NULL),
	(194, 'German-occupied Denmark', NULL, NULL, NULL),
	(195, 'German-occupied Ostland', NULL, NULL, NULL),
	(196, 'German-occupied France', NULL, NULL, NULL),
	(197, 'German-occupied Greece', NULL, NULL, NULL),
	(198, 'German-occupied Netherlands', NULL, NULL, NULL),
	(199, 'German-occupied Italy', NULL, NULL, NULL),
	(200, 'Gold Coast', NULL, NULL, NULL),
	(201, 'German-occupied Norway', NULL, NULL, NULL),
	(202, 'German-occupied Poland', NULL, NULL, NULL),
	(203, 'German-occupied Ukraine', NULL, NULL, NULL),
	(204, 'German-occupied Yugoslavia', NULL, NULL, NULL),
	(205, 'German Papua', NULL, NULL, NULL),
	(206, 'Greece', NULL, NULL, NULL),
	(207, 'Grenada', NULL, NULL, NULL),
	(208, 'Greenland', NULL, NULL, NULL),
	(209, 'German South West Africa', NULL, NULL, NULL),
	(210, 'Guatemala', NULL, NULL, NULL),
	(211, 'Guernsey', NULL, NULL, NULL),
	(212, 'Guinea', NULL, NULL, NULL),
	(213, 'The Gulf', NULL, NULL, NULL),
	(214, 'Guam', NULL, NULL, NULL),
	(215, 'Guyana', NULL, NULL, NULL),
	(216, 'Haiti', NULL, NULL, NULL),
	(217, 'Hawaii, American', NULL, NULL, NULL),
	(218, 'El Hejaz (Turkish)', NULL, NULL, NULL),
	(219, 'Tonga (British)', NULL, NULL, NULL),
	(220, 'Tangier International Zone', NULL, NULL, NULL),
	(221, 'Tanganyika (British)', NULL, NULL, NULL),
	(222, 'Thailand', NULL, NULL, NULL),
	(223, 'Trieste International Zone', NULL, NULL, NULL),
	(224, 'Turks & Caicos Islands', NULL, NULL, NULL),
	(225, 'Tokelau', NULL, NULL, NULL),
	(226, 'Tuvalu', NULL, NULL, NULL),
	(227, 'Togo', NULL, NULL, NULL),
	(228, 'Tonga', NULL, NULL, NULL),
	(229, 'Trinidad & Tobago (British)', NULL, NULL, NULL),
	(230, 'Trinidad & Tobago', NULL, NULL, NULL),
	(231, 'Turkey', NULL, NULL, NULL),
	(232, 'Trucial States', NULL, NULL, NULL),
	(233, 'Pacific Is., U.S. Trust Territory', NULL, NULL, NULL),
	(234, 'Tunisia', NULL, NULL, NULL),
	(235, 'Turkmenistan', NULL, NULL, NULL),
	(236, 'Tuvalu (British)', NULL, NULL, NULL),
	(237, 'Taiwan (Do Not Use)', NULL, NULL, NULL),
	(238, 'Tanzania (Zanzibar)', NULL, NULL, NULL),
	(239, 'United Arab Emirates', NULL, NULL, NULL),
	(240, 'Uganda', NULL, NULL, NULL),
	(241, 'Ukraine', NULL, NULL, NULL),
	(242, 'Ukraine (pre-1922)', NULL, NULL, NULL),
	(243, 'U.A.E. (Umm Al Qaiwain) (Do Not Use)', NULL, NULL, NULL),
	(244, 'Unknown', NULL, NULL, NULL),
	(245, 'Upper Volta', NULL, NULL, NULL),
	(246, 'Uruguay', NULL, NULL, NULL),
	(247, 'United States of America', NULL, NULL, NULL),
	(248, 'New York Greek', NULL, NULL, NULL),
	(249, 'United States of America-Lakes', NULL, NULL, NULL),
	(250, 'United States of America', NULL, NULL, NULL),
	(251, 'Philippine Islands (U.S.A.)', NULL, NULL, NULL),
	(252, 'U.S.S.R.', NULL, NULL, NULL),
	(253, 'Uzbekistan', NULL, NULL, NULL),
	(254, 'Vanuatu', NULL, NULL, NULL),
	(255, 'Vatican City', NULL, NULL, NULL),
	(256, 'Vichy France', NULL, NULL, NULL),
	(257, 'Venezuela', NULL, NULL, NULL),
	(258, 'North Vietnam', NULL, NULL, NULL),
	(259, 'South Vietnam', NULL, NULL, NULL),
	(260, 'Vietnam', NULL, NULL, NULL),
	(261, 'West Africa', NULL, NULL, NULL),
	(262, 'Western Europe', NULL, NULL, NULL),
	(263, 'Wallis & Futuna', NULL, NULL, NULL),
	(264, 'Pakistan', NULL, NULL, NULL),
	(265, 'Western Samoa', NULL, NULL, NULL),
	(266, 'Western Sahara', NULL, NULL, NULL),
	(267, 'Yemen Arab Republic', NULL, NULL, NULL),
	(268, 'Yemen', NULL, NULL, NULL),
	(269, 'South Yemen', NULL, NULL, NULL),
	(270, 'Yemen (Turkish)', NULL, NULL, NULL),
	(271, 'Yemen, People\'s Democratic Republic of', NULL, NULL, NULL),
	(272, 'Yugoslavia', NULL, NULL, NULL),
	(273, 'Zaire', NULL, NULL, NULL),
	(274, 'Zambia', NULL, NULL, NULL),
	(275, 'Zanzibar', NULL, NULL, NULL),
	(276, 'Zimbabwe', NULL, NULL, NULL),
	(277, 'Tanzania (SUMATRA)', NULL, NULL, NULL),
	(278, 'Najd & Hejaz', NULL, NULL, NULL),
	(279, 'Hong Kong, China', NULL, NULL, NULL),
	(280, 'Honduras', NULL, NULL, NULL),
	(281, 'Hungary', NULL, NULL, NULL),
	(282, 'Owners System Only', NULL, NULL, NULL),
	(283, 'Iceland', NULL, NULL, NULL),
	(284, 'Indonesia', NULL, NULL, NULL),
	(285, 'Italian Eritrea', NULL, NULL, NULL),
	(286, 'Irish Free State', NULL, NULL, NULL),
	(287, 'Cyrenaica & Tripolitania', NULL, NULL, NULL),
	(288, 'India', NULL, NULL, NULL),
	(289, 'International Areas', NULL, NULL, NULL),
	(290, 'Indian Ocean', NULL, NULL, NULL),
	(291, 'Iraqi-occupied Kuwait', NULL, NULL, NULL),
	(292, 'Lebanon (Israeli-occupied)', NULL, NULL, NULL),
	(293, 'Isle of Man', NULL, NULL, NULL),
	(294, 'Iran', NULL, NULL, NULL),
	(295, 'Irish Republic', NULL, NULL, NULL),
	(296, 'Iraq', NULL, NULL, NULL),
	(297, 'Indian Sub-Continent', NULL, NULL, NULL),
	(298, 'Italian Somaliland', NULL, NULL, NULL),
	(299, 'Israel', NULL, NULL, NULL),
	(300, 'Italy', NULL, NULL, NULL),
	(301, 'Cote d\'Ivoire', NULL, NULL, NULL),
	(302, 'Ivory Coast (French)', NULL, NULL, NULL),
	(303, 'Jamaica', NULL, NULL, NULL),
	(304, 'Japan', NULL, NULL, NULL),
	(305, 'Jersey', NULL, NULL, NULL),
	(306, 'Japanese Mandate Islands', NULL, NULL, NULL),
	(307, 'Japanese-occupied Malaya', NULL, NULL, NULL),
	(308, 'Jordan', NULL, NULL, NULL),
	(309, 'Formosa (Japanese)', NULL, NULL, NULL),
	(310, 'Japanese Kwantung', NULL, NULL, NULL),
	(311, 'Japanese Liaotung', NULL, NULL, NULL),
	(312, 'Japan', NULL, NULL, NULL),
	(313, 'Kamerun (German)', NULL, NULL, NULL),
	(314, 'Kazakhstan', NULL, NULL, NULL),
	(315, 'Kenya (British)', NULL, NULL, NULL),
	(316, 'Kenya', NULL, NULL, NULL),
	(317, 'Khmer Republic', NULL, NULL, NULL),
	(318, 'Kiribati', NULL, NULL, NULL),
	(319, 'China, Kuomintang Mainland', NULL, NULL, NULL),
	(320, 'Kampuchea', NULL, NULL, NULL),
	(321, 'Korea', NULL, NULL, NULL),
	(322, 'Japanese Korea', NULL, NULL, NULL),
	(323, 'Korea, North', NULL, NULL, NULL),
	(324, 'Korea, South', NULL, NULL, NULL),
	(325, 'Kuwait', NULL, NULL, NULL),
	(326, 'Kyrgyzstan', NULL, NULL, NULL),
	(327, 'Latin America', NULL, NULL, NULL),
	(328, 'Laos', NULL, NULL, NULL),
	(329, 'Latvia (pre-1940)', NULL, NULL, NULL),
	(330, 'Latvia', NULL, NULL, NULL),
	(331, 'Libya', NULL, NULL, NULL),
	(332, 'Lebanon', NULL, NULL, NULL),
	(333, 'Lesotho', NULL, NULL, NULL),
	(334, 'Levant', NULL, NULL, NULL),
	(335, 'Liberia', NULL, NULL, NULL),
	(336, 'Liechtenstein', NULL, NULL, NULL),
	(337, 'Lithuania (pre-1940)', NULL, NULL, NULL),
	(338, 'Lithuania', NULL, NULL, NULL),
	(339, 'Luxembourg', NULL, NULL, NULL),
	(340, 'Macau, China', NULL, NULL, NULL),
	(341, 'Madagascar (French)', NULL, NULL, NULL),
	(342, 'Marshall Islands', NULL, NULL, NULL),
	(343, 'Malaysia', NULL, NULL, NULL),
	(344, 'Portugal (MAR)', NULL, NULL, NULL),
	(345, 'Mauritania', NULL, NULL, NULL),
	(346, 'Macedonia', NULL, NULL, NULL),
	(347, 'Manchuria', NULL, NULL, NULL),
	(348, 'Manchukuo (Japanese)', NULL, NULL, NULL),
	(349, 'Maldive Islands', NULL, NULL, NULL),
	(350, 'Middle East', NULL, NULL, NULL),
	(351, 'Mediterranean', NULL, NULL, NULL),
	(352, 'Mesopotamia (Turkish)', NULL, NULL, NULL),
	(353, 'Mexico', NULL, NULL, NULL),
	(354, 'Mongolia', NULL, NULL, NULL),
	(355, 'Madagascar', NULL, NULL, NULL),
	(356, 'Micronesia', NULL, NULL, NULL),
	(357, 'Malaya (British)', NULL, NULL, NULL),
	(358, 'Mali', NULL, NULL, NULL),
	(359, 'Malaya', NULL, NULL, NULL),
	(360, 'Mocambique (Portuguese)', NULL, NULL, NULL),
	(361, 'Moldova', NULL, NULL, NULL),
	(362, 'Monaco', NULL, NULL, NULL),
	(363, 'Morocco', NULL, NULL, NULL),
	(364, 'Mozambique', NULL, NULL, NULL),
	(365, 'Montserrat', NULL, NULL, NULL),
	(366, 'Malta', NULL, NULL, NULL),
	(367, 'Montenegro', NULL, NULL, NULL),
	(368, 'Martinique', NULL, NULL, NULL),
	(369, 'Mauritius', NULL, NULL, NULL),
	(370, 'Muscat & Oman', NULL, NULL, NULL),
	(371, 'British Maldive Islands', NULL, NULL, NULL),
	(372, 'Malawi', NULL, NULL, NULL),
	(373, 'Myanmar', NULL, NULL, NULL),
	(374, 'Mayotte', NULL, NULL, NULL),
	(375, 'North Africa', NULL, NULL, NULL),
	(376, 'North America', NULL, NULL, NULL),
	(377, 'North Atlantic', NULL, NULL, NULL),
	(378, 'Nauru', NULL, NULL, NULL),
	(379, 'Namibia', NULL, NULL, NULL),
	(380, 'New Caledonia', NULL, NULL, NULL),
	(381, 'Northern Cyprus', NULL, NULL, NULL),
	(382, 'Netherlands Antilles', NULL, NULL, NULL),
	(383, 'Netherlands East Indies', NULL, NULL, NULL),
	(384, 'Nepal', NULL, NULL, NULL),
	(385, 'Norfolk Island', NULL, NULL, NULL),
	(386, 'Newfoundland', NULL, NULL, NULL),
	(387, 'Niger', NULL, NULL, NULL),
	(388, 'New Hebrides', NULL, NULL, NULL),
	(389, 'Nicaragua', NULL, NULL, NULL),
	(390, 'Nigeria', NULL, NULL, NULL),
	(391, 'Norway (NIS)', NULL, NULL, NULL),
	(392, 'Niue', NULL, NULL, NULL),
	(393, 'Neutral Zone', NULL, NULL, NULL),
	(394, 'Northern Mariana Islands', NULL, NULL, NULL),
	(395, 'Norway', NULL, NULL, NULL),
	(396, 'Netherlands', NULL, NULL, NULL),
	(397, 'Norwegian Antarctic Territory', NULL, NULL, NULL),
	(398, 'New Zealand Antarctic Territory', NULL, NULL, NULL),
	(399, 'New Zealand', NULL, NULL, NULL),
	(400, 'Oceania', NULL, NULL, NULL),
	(401, 'Okinawa (US occupation)', NULL, NULL, NULL),
	(402, 'Ryukyu Islands (Japan)', NULL, NULL, NULL),
	(403, 'Oman', NULL, NULL, NULL),
	(404, 'Austrian Empire', NULL, NULL, NULL),
	(405, 'Pacific', NULL, NULL, NULL),
	(406, 'Pakistan', NULL, NULL, NULL),
	(407, 'Palau', NULL, NULL, NULL),
	(408, 'Panama', NULL, NULL, NULL),
	(409, 'Papua (Australian)', NULL, NULL, NULL),
	(410, 'Paraguay', NULL, NULL, NULL),
	(411, 'Panama Canal Zone', NULL, NULL, NULL),
	(412, 'Peru', NULL, NULL, NULL),
	(413, 'Portuguese Guinea', NULL, NULL, NULL),
	(414, 'Philippines', NULL, NULL, NULL),
	(415, 'Philippine Islands (Japanese)', NULL, NULL, NULL),
	(416, 'Madeira', NULL, NULL, NULL),
	(417, 'Papua New Guinea', NULL, NULL, NULL),
	(418, 'Poland', NULL, NULL, NULL),
	(419, 'Puerto Rico', NULL, NULL, NULL),
	(420, 'Sao Tome & Principe', NULL, NULL, NULL),
	(421, 'Portugal', NULL, NULL, NULL),
	(422, 'Portuguese Timor', NULL, NULL, NULL),
	(423, 'Qatar', NULL, NULL, NULL),
	(424, 'U.A.E. (Ras Al Khaimah)  (Do Not Use)', NULL, NULL, NULL),
	(425, 'Cape Verde', NULL, NULL, NULL),
	(426, 'Red Sea', NULL, NULL, NULL),
	(427, 'Reunion', NULL, NULL, NULL),
	(428, 'Rhodesia', NULL, NULL, NULL),
	(429, 'Romania (RIFA)', NULL, NULL, NULL),
	(430, 'Russian Liaotung', NULL, NULL, NULL),
	(431, 'Russia', NULL, NULL, NULL),
	(432, 'Romania', NULL, NULL, NULL),
	(433, 'Russia', NULL, NULL, NULL),
	(434, 'White Russia', NULL, NULL, NULL),
	(435, 'Rwanda', NULL, NULL, NULL),
	(436, 'Saba', NULL, NULL, NULL),
	(437, 'South Africa', NULL, NULL, NULL),
	(438, 'South America', NULL, NULL, NULL),
	(439, 'South Atlantic', NULL, NULL, NULL),
	(440, 'Saudi Arabia', NULL, NULL, NULL),
	(441, 'Serbia & Montenegro', NULL, NULL, NULL),
	(442, 'St-Barthelemy', NULL, NULL, NULL),
	(443, 'Scandinavia', NULL, NULL, NULL),
	(444, 'South East Asia', NULL, NULL, NULL),
	(445, 'Senegal', NULL, NULL, NULL),
	(446, 'Serbia', NULL, NULL, NULL),
	(447, 'St Eustatius', NULL, NULL, NULL),
	(448, 'Seychelles', NULL, NULL, NULL),
	(449, 'South Africa, Union of', NULL, NULL, NULL),
	(450, 'U.A.E. (Sharjah) (Do Not Use)', NULL, NULL, NULL),
	(451, 'Shanghai, French Concession', NULL, NULL, NULL),
	(452, 'Shanghai International Zone', NULL, NULL, NULL),
	(453, 'Sierra Leone', NULL, NULL, NULL),
	(454, 'St Maarten', NULL, NULL, NULL),
	(455, 'St Kitts & Nevis', NULL, NULL, NULL),
	(456, 'Soviet Kwantung', NULL, NULL, NULL),
	(457, 'Sierra Leone (British)', NULL, NULL, NULL),
	(458, 'St Lucia', NULL, NULL, NULL),
	(459, 'Solomon Islands', NULL, NULL, NULL),
	(460, 'Slovenia', NULL, NULL, NULL),
	(461, 'San Marino', NULL, NULL, NULL),
	(462, 'Samoa', NULL, NULL, NULL),
	(463, 'Spanish Morocco (Do Not Use)', NULL, NULL, NULL),
	(464, 'St-Martin', NULL, NULL, NULL),
	(465, 'Southern Africa', NULL, NULL, NULL),
	(466, 'Singapore', NULL, NULL, NULL),
	(467, 'Suriname', NULL, NULL, NULL),
	(468, 'British Solomon Islands', NULL, NULL, NULL),
	(469, 'Somalia', NULL, NULL, NULL),
	(470, 'Spanish Guinea', NULL, NULL, NULL),
	(471, 'St Pierre & Miquelon', NULL, NULL, NULL),
	(472, 'Spain', NULL, NULL, NULL),
	(473, 'Philippine Islands (Spanish)', NULL, NULL, NULL),
	(474, 'Spanish Equatorial Guinea', NULL, NULL, NULL),
	(475, 'Serbia', NULL, NULL, NULL),
	(476, 'Sri Lanka', NULL, NULL, NULL),
	(477, 'South Sudan', NULL, NULL, NULL),
	(478, 'Spanish Sahara', NULL, NULL, NULL),
	(479, 'St Helena', NULL, NULL, NULL),
	(480, 'St Kitts-Nevis (British)', NULL, NULL, NULL),
	(481, 'St Lucia (British)', NULL, NULL, NULL),
	(482, 'St Vincent (British)', NULL, NULL, NULL),
	(483, 'Sudan', NULL, NULL, NULL),
	(484, 'Surinam, Netherlands', NULL, NULL, NULL),
	(485, 'Svalbard (Spitsbergen)', NULL, NULL, NULL),
	(486, 'St Vincent & The Grenadines', NULL, NULL, NULL),
	(487, 'Slovakia', NULL, NULL, NULL),
	(488, 'South West Africa', NULL, NULL, NULL),
	(489, 'Sweden', NULL, NULL, NULL),
	(490, 'Switzerland', NULL, NULL, NULL),
	(491, 'Syria (French Mandate)', NULL, NULL, NULL),
	(492, 'Syria (Lebanese Occupied)', NULL, NULL, NULL),
	(493, 'Syria', NULL, NULL, NULL),
	(494, 'Syria (Turkish)', NULL, NULL, NULL),
	(495, 'Swaziland', NULL, NULL, NULL),
	(496, 'Terr. of The Afars & Issas', NULL, NULL, NULL),
	(497, 'Tajikistan', NULL, NULL, NULL),
	(498, 'Tanzania', NULL, NULL, NULL),
	(499, 'Cyprus, Turkish-occupied', NULL, NULL, NULL);
/*!40000 ALTER TABLE `MAST_REF_FlagAdministration` ENABLE KEYS */;

/*!40000 ALTER TABLE `MAST_REF_HarmonisationType` DISABLE KEYS */;
INSERT INTO `MAST_REF_HarmonisationType` (`id`, `name`, `deleted`, `last_update_date`, `last_update_user_id`) VALUES
	(1, 'Full', NULL, NULL, NULL),
	(2, 'Partial', NULL, NULL, NULL),
	(3, 'Control', NULL, NULL, NULL),
	(4, 'None', NULL, NULL, NULL);
/*!40000 ALTER TABLE `MAST_REF_HarmonisationType` ENABLE KEYS */;

/*!40000 ALTER TABLE `MAST_REF_ProductCatalogue` DISABLE KEYS */;
INSERT INTO `MAST_REF_ProductCatalogue` (`id`, `name`, `description`, `product_group_id`, `display_order`, `deleted`, `last_update_date`, `last_update_user_id`) VALUES
	(1, 'Anti-Fouling System', NULL, 9, 0, NULL, NULL, NULL),
	(2, 'Hull', NULL, 1, 0, NULL, NULL, NULL),
	(3, 'Bulk Cargoes App A&C', NULL, 21, 0, NULL, NULL, NULL),
	(4, 'Bulk Cargoes', NULL, 21, 0, NULL, NULL, NULL),
	(5, 'Machinery', NULL, 3, 0, NULL, NULL, NULL),
	(6, 'Ballast Water', NULL, 10, 0, NULL, NULL, NULL),
	(7, 'Canadian Safety', NULL, 19, 0, NULL, NULL, NULL),
	(8, 'Chemical Code', NULL, 14, 0, NULL, NULL, NULL),
	(9, 'Internat. Chem. Code', NULL, 14, 0, NULL, NULL, NULL),
	(10, 'Lifting', NULL, 2, 0, NULL, NULL, NULL),
	(11, 'Refrigeration', NULL, 6, 0, NULL, NULL, NULL),
	(12, 'Canadian Pollution', NULL, 19, 0, NULL, NULL, NULL),
	(13, 'CP Combined', NULL, 11, 0, NULL, NULL, NULL),
	(14, 'CP Sailing', NULL, 11, 0, NULL, NULL, NULL),
	(15, 'CP Workboats', NULL, 11, 0, NULL, NULL, NULL),
	(16, 'Megayacht', NULL, 11, 0, NULL, NULL, NULL),
	(17, 'Chemical Support Vessel', NULL, 14, 0, NULL, NULL, NULL),
	(18, 'Cert. Escape-Evaluation', NULL, 20, 0, NULL, NULL, NULL),
	(19, 'Cert of Structural Strength', NULL, 20, 0, NULL, NULL, NULL),
	(20, 'Certificate of Stability', NULL, 20, 0, NULL, NULL, NULL),
	(21, 'Cert. of Seaworthiness', NULL, 19, 0, NULL, NULL, NULL),
	(22, 'Dangerous Goods', NULL, 21, 0, NULL, NULL, NULL),
	(23, 'Dangerous Goods Reg.19', NULL, 21, 0, NULL, NULL, NULL),
	(24, 'ECO Notation', NULL, 1, 0, NULL, NULL, NULL),
	(25, 'ENV Notation', NULL, 1, 0, NULL, NULL, NULL),
	(26, 'EP Notation', NULL, 1, 0, NULL, NULL, NULL),
	(27, 'Flag State Inspection', NULL, 13, 0, NULL, NULL, NULL),
	(28, 'Gas Code', NULL, 14, 0, NULL, NULL, NULL),
	(29, 'Internat. Gas Code', NULL, 14, 0, NULL, NULL, NULL),
	(30, 'Green Passport', NULL, 1, 0, NULL, NULL, NULL),
	(31, 'Load Line', NULL, 16, 0, NULL, NULL, NULL),
	(32, 'International Safety Management', NULL, 7, 0, NULL, NULL, NULL),
	(33, 'Intl. Ship & Port Security Code', NULL, 7, 0, NULL, NULL, NULL),
	(34, 'Quadrennial Certification', NULL, 17, 0, NULL, NULL, NULL),
	(35, 'MARPOL VI (Air)', NULL, 18, 0, NULL, NULL, NULL),
	(36, 'MARPOL Cond. Assessment', NULL, 18, 0, NULL, NULL, NULL),
	(37, 'MARPOL V (Garbage)', NULL, 18, 0, NULL, NULL, NULL),
	(38, 'MLC', NULL, 8, 0, NULL, NULL, NULL),
	(39, 'MARPOL II (Noxious Subs)', NULL, 18, 0, NULL, NULL, NULL),
	(40, 'MARPOL I (Oil)', NULL, 18, 0, NULL, NULL, NULL),
	(41, 'MODU', NULL, 12, 0, NULL, NULL, NULL),
	(42, 'MARPOL IV (Sewage)', NULL, 18, 0, NULL, NULL, NULL),
	(43, 'ADNR', NULL, 15, 0, NULL, NULL, NULL),
	(44, 'Passenger Ship Safety', NULL, 21, 0, NULL, NULL, NULL),
	(45, 'Passenger Dangerous Goods', NULL, 21, 0, NULL, NULL, NULL),
	(46, 'Passenger Ship Lightweight', NULL, 21, 0, NULL, NULL, NULL),
	(47, 'Port State Control', NULL, 4, 0, NULL, NULL, NULL),
	(48, 'Radiotel.', NULL, 21, 0, NULL, NULL, NULL),
	(49, 'Safcon', NULL, 21, 0, NULL, NULL, NULL),
	(50, 'Safety Equipment', NULL, 21, 0, NULL, NULL, NULL),
	(51, 'Transfer of Class', NULL, 5, 0, NULL, NULL, NULL),
	(52, 'Tonnage', NULL, 22, 0, NULL, NULL, NULL),
	(53, 'ILO', NULL, 23, 0, NULL, NULL, NULL),
	(54, 'Asset Miscellaneous', NULL, 24, 0, NULL, NULL, NULL);
/*!40000 ALTER TABLE `MAST_REF_ProductCatalogue` ENABLE KEYS */;

/*!40000 ALTER TABLE `MAST_REF_ProductFamily` DISABLE KEYS */;
INSERT INTO `MAST_REF_ProductFamily` (`id`, `name`, `description`, `deleted`, `last_update_date`, `last_update_user_id`) VALUES
	(1, 'Classification', NULL, NULL, NULL, NULL),
	(2, 'MMS', NULL, NULL, NULL, NULL),
	(3, 'MSA', NULL, NULL, NULL, NULL),
	(4, 'Statutory', NULL, NULL, NULL, NULL);
/*!40000 ALTER TABLE `MAST_REF_ProductFamily` ENABLE KEYS */;

/*!40000 ALTER TABLE `MAST_REF_ProductGroup` DISABLE KEYS */;
INSERT INTO `MAST_REF_ProductGroup` (`id`, `name`, `description`, `display_order`, `product_family_id`, `deleted`, `last_update_date`, `last_update_user_id`) VALUES
	(1, 'Hull', NULL, 0, 1, NULL, NULL, NULL),
	(2, 'Lifting', NULL, 0, 1, NULL, NULL, NULL),
	(3, 'Machinery', NULL, 0, 1, NULL, NULL, NULL),
	(4, 'Port State Control', NULL, 0, 1, NULL, NULL, NULL),
	(5, 'Transfer of Class', NULL, 0, 1, NULL, NULL, NULL),
	(6, 'Refrigeration', NULL, 0, 1, NULL, NULL, NULL),
	(7, 'ISM & ISP', NULL, 0, 2, NULL, NULL, NULL),
	(8, 'Maritime Labour Convention zation', NULL, 0, 2, NULL, NULL, NULL),
	(9, 'Anti-Fouling System', NULL, 0, 4, NULL, NULL, NULL),
	(10, 'Ballast Water Management', NULL, 0, 4, NULL, NULL, NULL),
	(11, 'Code of practice', NULL, 0, 4, NULL, NULL, NULL),
	(12, 'Energy/Offshore/Mobile Offshore Drilling Unit', NULL, 0, 4, NULL, NULL, NULL),
	(13, 'Flag State Inspection', NULL, 0, 4, NULL, NULL, NULL),
	(14, 'Gas & Chemical Codes', NULL, 0, 4, NULL, NULL, NULL),
	(15, 'Inland Waterways', NULL, 0, 4, NULL, NULL, NULL),
	(16, 'Loadline', NULL, 0, 4, NULL, NULL, NULL),
	(17, 'Marine/4/ILO/Lifting Appliances', NULL, 0, 4, NULL, NULL, NULL),
	(18, 'MARPOL', NULL, 0, 4, NULL, NULL, NULL),
	(19, 'National Administration Specials', NULL, 0, 4, NULL, NULL, NULL),
	(20, 'Naval', NULL, 0, 4, NULL, NULL, NULL),
	(21, 'SOLAS', NULL, 0, 4, NULL, NULL, NULL),
	(22, 'Tonnage', NULL, 0, 4, NULL, NULL, NULL),
	(23, 'ILO', NULL, 0, 4, NULL, NULL, NULL),
	(24, 'Asset Miscellaneous', NULL, 0, 1, NULL, NULL, NULL);
/*!40000 ALTER TABLE `MAST_REF_ProductGroup` ENABLE KEYS */;

/*!40000 ALTER TABLE `MAST_REF_SchedulingDueType` DISABLE KEYS */;
INSERT INTO `MAST_REF_SchedulingDueType` (`id`, `name`, `deleted`, `last_update_date`, `last_update_user_id`) VALUES
	(1, 'None', NULL, NULL, NULL),
	(2, '2 Surveys Due In Special Cycle', NULL, NULL, NULL),
	(3, 'Annual', NULL, NULL, NULL),
	(4, 'Assigned Date', NULL, NULL, NULL),
	(5, 'Assigned Or Due Date', NULL, NULL, NULL),
	(6, 'Class Harmonised / HSSC Intermediate', NULL, NULL, NULL),
	(7, 'Class Non Harmonised / SCI Intermediate', NULL, NULL, NULL),
	(8, 'Harmonised Intermediate', NULL, NULL, NULL),
	(9, 'Harmonised Renewal', NULL, NULL, NULL),
	(10, 'HSSC 1 Year Renewal', NULL, NULL, NULL),
	(11, 'Laker Docking Survey', NULL, NULL, NULL),
	(12, 'Laker Special Survey', NULL, NULL, NULL),
	(13, 'Lifting Annual', NULL, NULL, NULL),
	(14, 'Periodic', NULL, NULL, NULL),
	(15, 'Standard Statutory Intermediate', NULL, NULL, NULL),
	(16, 'WIG Docking', NULL, NULL, NULL);
/*!40000 ALTER TABLE `MAST_REF_SchedulingDueType` ENABLE KEYS */;

/*!40000 ALTER TABLE `MAST_REF_SchedulingRegime` DISABLE KEYS */;
INSERT INTO `MAST_REF_SchedulingRegime` (`id`, `name`, `description`) VALUES
	(1, 'Standard', NULL),
	(2, 'IWW', NULL),
	(3, 'Laker', NULL),
	(4, 'Naval', NULL),
	(5, 'Ship', NULL),
	(6, 'Yacht', NULL),
	(7, 'Non HSSC', NULL),
	(8, 'HSSC', NULL),
	(9, 'MMS', NULL),
	(10, 'HSSC - Non convention', NULL);
/*!40000 ALTER TABLE `MAST_REF_SchedulingRegime` ENABLE KEYS */;

/*!40000 ALTER TABLE `MAST_REF_SchedulingType` DISABLE KEYS */;
INSERT INTO `MAST_REF_SchedulingType` (`id`, `name`, `deleted`, `last_update_date`, `last_update_user_id`, `scheduling_due_type_id`, `assigned_scheduling_type_id`) VALUES
	(1, 'Class/Statutory Initial', NULL, NULL, NULL, 1, 1),
	(2, 'Miscellaneous', NULL, NULL, NULL, 1, 1),
	(3, 'Additional', NULL, NULL, NULL, 1, 1),
	(4, '2 in 5 Years', NULL, NULL, NULL, 2, 3),
	(5, 'Class Annual', NULL, NULL, NULL, 3, 3),
	(6, 'Class Intermediate', NULL, NULL, NULL, 7, 3),
	(7, 'Class Scheduled', NULL, NULL, NULL, 4, 3),
	(8, 'Hull Annual Survey', NULL, NULL, NULL, 3, 3),
	(9, 'Hull Intermediate Survey', NULL, NULL, NULL, 6, 3),
	(10, 'Laker Docking', NULL, NULL, NULL, 11, 3),
	(11, 'Laker Special Survey', NULL, NULL, NULL, 12, 3),
	(12, 'Lifting Annual', NULL, NULL, NULL, 13, 3),
	(13, 'Lifting Scheduled', NULL, NULL, NULL, 4, 3),
	(14, 'Periodic', NULL, NULL, NULL, 14, 3),
	(15, 'SCI', NULL, NULL, NULL, 7, 3),
	(16, 'Statutory HSSC Annual', NULL, NULL, NULL, 3, 3),
	(17, 'Statutory Harmonised Renewal', NULL, NULL, NULL, 9, 3),
	(18, 'Statutory HSSC Intermediate', NULL, NULL, NULL, 6, 3),
	(19, 'Statutory Non Harmonised Annual', NULL, NULL, NULL, 3, 3),
	(20, 'Statutory Partially Harmonised Annual', NULL, NULL, NULL, 3, 3),
	(21, 'Statutory Non Harmonised Renewal', NULL, NULL, NULL, 4, 3),
	(22, 'Statutory Partially Harmonised Renewal', NULL, NULL, NULL, 5, 3),
	(23, 'Non Class Renewal', NULL, NULL, NULL, 4, 3),
	(24, 'Non Class Initial', NULL, NULL, NULL, 4, 3),
	(25, 'Class Renewal', NULL, NULL, NULL, 4, 4),
	(26, 'Hull Special Survey', NULL, NULL, NULL, 9, 5),
	(27, 'Statutory HSSC 1 Year Renewal', NULL, NULL, NULL, 10, 7),
	(28, 'Non Class Interim', NULL, NULL, NULL, 1, 8),
	(29, 'Statutory Non Harmonised Intermediate', NULL, NULL, NULL, 15, 9),
	(30, 'Statutory Partially Harmonised Intermediate', NULL, NULL, NULL, 15, 9);
/*!40000 ALTER TABLE `MAST_REF_SchedulingType` ENABLE KEYS */;

/*!40000 ALTER TABLE `MAST_REF_ServiceCatalogue` DISABLE KEYS */;
INSERT INTO `MAST_REF_ServiceCatalogue` (`id`, `code`, `code_continuous`, `name`, `name_continuous`, `product_catalogue_id`, `display_order`, `cycle_periodicity`, `cycle_periodicity_editable`, `lower_range_date_offset_months`, `upper_range_date_offset_months`, `description`, `service_category`, `survey_type_id`, `service_type_id`, `defect_category_id`, `service_ruleset_id`, `service_group_id`, `scheduling_type_id`, `harmonisation_type_id`, `multiple_indicator`, `continuous_indicator`, `scheduling_regime_id`, `deleted`, `last_update_date`, `last_update_user_id`) VALUES
	(1, 'AFSM', NULL, 'Anti-fouling system', NULL, 1, 0, 0, 0, 0, 0, NULL, NULL, NULL, 6, NULL, 10, 29, 2, 4, NULL, 0, 7, NULL, NULL, NULL),
	(2, 'AMSC', NULL, 'Asset Miscellaneous', NULL, 54, 0, 0, 0, 0, 0, NULL, NULL, NULL, 6, NULL, 1, 96, 2, 4, NULL, 0, 1, NULL, NULL, NULL),
	(3, 'AMSC', NULL, 'Asset Miscellaneous', NULL, 54, 0, 0, 0, 0, 0, NULL, NULL, NULL, 6, NULL, 2, 96, 2, 4, NULL, 0, 1, NULL, NULL, NULL),
	(4, 'AMSC', NULL, 'Asset Miscellaneous', NULL, 54, 0, 0, 0, 0, 0, NULL, NULL, NULL, 6, NULL, 3, 96, 2, 4, NULL, 0, 1, NULL, NULL, NULL),
	(5, 'AMSC', NULL, 'Asset Miscellaneous', NULL, 54, 0, 0, 0, 0, 0, NULL, NULL, NULL, 6, NULL, 4, 96, 2, 4, NULL, 0, 1, NULL, NULL, NULL),
	(6, 'AMSC', NULL, 'Asset Miscellaneous', NULL, 54, 0, 0, 0, 0, 0, NULL, NULL, NULL, 6, NULL, 5, 96, 2, 4, NULL, 0, 1, NULL, NULL, NULL),
	(7, 'AMSC', NULL, 'Asset Miscellaneous', NULL, 54, 0, 0, 0, 0, 0, NULL, NULL, NULL, 6, NULL, 6, 96, 2, 4, NULL, 0, 1, NULL, NULL, NULL),
	(8, 'AMSC', NULL, 'Asset Miscellaneous', NULL, 54, 0, 0, 0, 0, 0, NULL, NULL, NULL, 6, NULL, 7, 96, 2, 4, NULL, 0, 1, NULL, NULL, NULL),
	(9, 'AMSC', NULL, 'Asset Miscellaneous', NULL, 54, 0, 0, 0, 0, 0, NULL, NULL, NULL, 6, NULL, 8, 96, 2, 4, NULL, 0, 1, NULL, NULL, NULL),
	(10, 'AMSC', NULL, 'Asset Miscellaneous', NULL, 54, 0, 0, 0, 0, 0, NULL, NULL, NULL, 6, NULL, 9, 96, 2, 4, NULL, 0, 1, NULL, NULL, NULL),
	(11, 'AS', NULL, 'Annual', NULL, 2, 0, 12, 0, 3, 3, NULL, NULL, NULL, 4, NULL, 2, 14, 8, 1, NULL, 0, 1, NULL, NULL, NULL),
	(12, 'AS', NULL, 'Annual', NULL, 2, 0, 12, 0, 3, 3, NULL, NULL, NULL, 4, NULL, 1, 9, 8, 1, NULL, 0, 1, NULL, NULL, NULL),
	(13, 'AS', NULL, 'Annual', NULL, 2, 0, 12, 0, 3, 3, NULL, NULL, NULL, 4, NULL, 3, 16, 8, 1, NULL, 0, 1, NULL, NULL, NULL),
	(14, 'AS', NULL, 'Annual', NULL, 2, 0, 12, 0, 3, 3, NULL, NULL, NULL, 4, NULL, 4, 17, 8, 1, NULL, 0, 1, NULL, NULL, NULL),
	(15, 'AS', NULL, 'Annual', NULL, 2, 0, 12, 0, 3, 3, NULL, NULL, NULL, 4, NULL, 5, 18, 8, 1, NULL, 0, 1, NULL, NULL, NULL),
	(16, 'AS', NULL, 'Annual', NULL, 2, 0, 12, 0, 3, 3, NULL, NULL, NULL, 4, NULL, 6, 20, 8, 1, NULL, 0, 1, NULL, NULL, NULL),
	(17, 'AS', NULL, 'Annual', NULL, 2, 0, 12, 0, 3, 3, NULL, NULL, NULL, 4, NULL, 7, 22, 8, 1, NULL, 0, 1, NULL, NULL, NULL),
	(18, 'AS', NULL, 'Annual', NULL, 2, 0, 12, 0, 3, 3, NULL, NULL, NULL, 4, NULL, 8, 24, 8, 1, NULL, 0, 1, NULL, NULL, NULL),
	(19, 'AS', NULL, 'Annual', NULL, 2, 0, 12, 0, 3, 3, NULL, NULL, NULL, 4, NULL, 9, 25, 8, 1, NULL, 0, 1, NULL, NULL, NULL),
	(20, 'BAR', NULL, 'Bulk Cargoes App A&C Renewal', NULL, 3, 0, 60, 0, 3, 0, NULL, NULL, NULL, 3, NULL, 10, 74, 17, 1, NULL, 0, 8, NULL, NULL, NULL),
	(21, 'BAR', NULL, 'Bulk Cargoes App A&C Renewal', NULL, 3, 0, 60, 0, 3, 0, NULL, NULL, NULL, 3, NULL, 10, 75, 22, 2, NULL, 0, 7, NULL, NULL, NULL),
	(22, 'BCA', NULL, 'Bulk Cargoes Annual', NULL, 4, 0, 12, 0, 3, 3, NULL, NULL, NULL, 4, NULL, 10, 72, 16, 1, NULL, 0, 8, NULL, NULL, NULL),
	(23, 'BCA', NULL, 'Bulk Cargoes Annual', NULL, 4, 0, 12, 0, 3, 3, NULL, NULL, NULL, 4, NULL, 10, 73, 20, 2, NULL, 0, 7, NULL, NULL, NULL),
	(24, 'BCIL', NULL, 'Bulk Cargoes Initial', NULL, 4, 0, 0, 0, 0, 0, NULL, NULL, NULL, 7, NULL, 10, 72, 1, 1, NULL, 0, 8, NULL, NULL, NULL),
	(25, 'BCIL', NULL, 'Bulk Cargoes Initial', NULL, 4, 0, 0, 0, 0, 0, NULL, NULL, NULL, 7, NULL, 10, 73, 1, 2, NULL, 0, 7, NULL, NULL, NULL),
	(26, 'BCM', NULL, 'Bulk Cargoes Misc.', NULL, 4, 0, 0, 0, 0, 0, NULL, NULL, NULL, 6, NULL, 10, 72, 2, 4, NULL, 0, 8, NULL, NULL, NULL),
	(27, 'BCM', NULL, 'Bulk Cargoes Misc.', NULL, 4, 0, 0, 0, 0, 0, NULL, NULL, NULL, 6, NULL, 10, 73, 2, 4, NULL, 0, 7, NULL, NULL, NULL),
	(28, 'BCR', NULL, 'Bulk Cargoes Renewal', NULL, 4, 0, 60, 0, 3, 0, NULL, NULL, NULL, 3, NULL, 10, 72, 17, 1, NULL, 0, 8, NULL, NULL, NULL),
	(29, 'BCR', NULL, 'Bulk Cargoes Renewal', NULL, 4, 0, 60, 0, 3, 0, NULL, NULL, NULL, 3, NULL, 10, 73, 22, 2, NULL, 0, 7, NULL, NULL, NULL),
	(30, 'BIS', NULL, 'Biennial', NULL, 2, 0, 24, 0, 0, 0, NULL, NULL, NULL, 1, NULL, 7, 22, 6, 1, NULL, 0, 1, NULL, NULL, NULL),
	(31, 'BS', NULL, 'Boiler', NULL, 5, 0, 36, 0, 0, 0, NULL, NULL, NULL, 9, NULL, 2, 15, 4, 4, NULL, 0, 1, NULL, NULL, NULL),
	(32, 'BS', NULL, 'Boiler', NULL, 5, 0, 36, 0, 0, 0, NULL, NULL, NULL, 9, NULL, 3, 15, 4, 4, NULL, 0, 1, NULL, NULL, NULL),
	(33, 'BS', NULL, 'Boiler', NULL, 5, 0, 36, 0, 0, 0, NULL, NULL, NULL, 9, NULL, 5, 15, 4, 4, NULL, 0, 1, NULL, NULL, NULL),
	(34, 'BS', NULL, 'Boiler', NULL, 5, 0, 36, 0, 0, 0, NULL, NULL, NULL, 9, NULL, 7, 15, 4, 4, NULL, 0, 1, NULL, NULL, NULL),
	(35, 'BS', NULL, 'Boiler', NULL, 5, 0, 36, 0, 0, 0, NULL, NULL, NULL, 9, NULL, 9, 15, 4, 4, NULL, 0, 1, NULL, NULL, NULL),
	(36, 'BWA', NULL, 'Ballast Water Annual', NULL, 6, 0, 12, 0, 3, 3, NULL, NULL, NULL, 4, NULL, 10, 30, 16, 1, NULL, 0, 8, NULL, NULL, NULL),
	(37, 'BWA', NULL, 'Ballast Water Annual', NULL, 6, 0, 12, 0, 3, 3, NULL, NULL, NULL, 4, NULL, 10, 31, 20, 2, NULL, 0, 7, NULL, NULL, NULL),
	(38, 'BWI', NULL, 'Ballast Water Intermediate', NULL, 6, 0, 24, 0, 3, 3, NULL, NULL, NULL, 1, NULL, 10, 30, 18, 1, NULL, 0, 8, NULL, NULL, NULL),
	(39, 'BWI', NULL, 'Ballast Water Intermediate', NULL, 6, 0, 24, 0, 3, 3, NULL, NULL, NULL, 1, NULL, 10, 31, 30, 2, NULL, 0, 7, NULL, NULL, NULL),
	(40, 'BWR', NULL, 'Ballast Water Renewal', NULL, 6, 0, 60, 0, 3, 0, NULL, NULL, NULL, 3, NULL, 10, 30, 17, 1, NULL, 0, 8, NULL, NULL, NULL),
	(41, 'BWR', NULL, 'Ballast Water Renewal', NULL, 6, 0, 60, 0, 3, 0, NULL, NULL, NULL, 3, NULL, 10, 31, 22, 2, NULL, 0, 7, NULL, NULL, NULL),
	(42, 'CANM', NULL, 'Canadian Safety Miscellaneous', NULL, 7, 0, 0, 0, 0, 0, NULL, NULL, NULL, 6, NULL, 10, 67, 2, 4, NULL, 0, 7, NULL, NULL, NULL),
	(43, 'CANR', NULL, 'Canadian Safety Renewal', NULL, 7, 0, 12, 0, 0, 0, NULL, NULL, NULL, 3, NULL, 10, 67, 21, 4, NULL, 0, 7, NULL, NULL, NULL),
	(44, 'CCA', NULL, 'Chemical Code Annual', NULL, 8, 0, 12, 0, 3, 3, NULL, NULL, NULL, 4, NULL, 10, 39, 16, 1, NULL, 0, 8, NULL, NULL, NULL),
	(45, 'CCA', NULL, 'Chemical Code Annual', NULL, 8, 0, 12, 0, 3, 3, NULL, NULL, NULL, 4, NULL, 10, 40, 20, 2, NULL, 0, 7, NULL, NULL, NULL),
	(46, 'CCI', NULL, 'Chemical Code Intermediate', NULL, 8, 0, 24, 0, 3, 3, NULL, NULL, NULL, 1, NULL, 10, 39, 18, 1, NULL, 0, 8, NULL, NULL, NULL),
	(47, 'CCI', NULL, 'Chemical Code Intermediate', NULL, 8, 0, 24, 0, 3, 3, NULL, NULL, NULL, 1, NULL, 10, 40, 30, 2, NULL, 0, 7, NULL, NULL, NULL),
	(48, 'CCIL', NULL, 'Chemical Code Initial', NULL, 8, 0, 0, 0, 0, 0, NULL, NULL, NULL, 7, NULL, 10, 39, 1, 1, NULL, 0, 8, NULL, NULL, NULL),
	(49, 'CCIL', NULL, 'Chemical Code Initial', NULL, 8, 0, 0, 0, 0, 0, NULL, NULL, NULL, 7, NULL, 10, 40, 1, 2, NULL, 0, 7, NULL, NULL, NULL),
	(50, 'CCR', NULL, 'Chemical Code Renewal', NULL, 8, 0, 60, 0, 3, 0, NULL, NULL, NULL, 3, NULL, 10, 39, 17, 1, NULL, 0, 8, NULL, NULL, NULL),
	(51, 'CCR', NULL, 'Chemical Code Renewal', NULL, 8, 0, 60, 0, 3, 0, NULL, NULL, NULL, 3, NULL, 10, 40, 22, 2, NULL, 0, 7, NULL, NULL, NULL),
	(52, 'CHEM', NULL, 'Chemical Code Miscellaneous', NULL, 8, 0, 0, 0, 0, 0, NULL, NULL, NULL, 6, NULL, 10, 39, 2, 4, NULL, 0, 8, NULL, NULL, NULL),
	(53, 'CHEM', NULL, 'Chemical Code Miscellaneous', NULL, 8, 0, 0, 0, 0, 0, NULL, NULL, NULL, 6, NULL, 10, 40, 2, 4, NULL, 0, 7, NULL, NULL, NULL),
	(54, 'CIA', NULL, 'Internat. Chem. Code Annual', NULL, 9, 0, 12, 0, 3, 3, NULL, NULL, NULL, 4, NULL, 10, 45, 16, 1, NULL, 0, 8, NULL, NULL, NULL),
	(55, 'CIA', NULL, 'Internat. Chem. Code Annual', NULL, 9, 0, 12, 0, 3, 3, NULL, NULL, NULL, 4, NULL, 10, 46, 20, 2, NULL, 0, 7, NULL, NULL, NULL),
	(56, 'CII', NULL, 'Internat. Chem. Code Intermd.', NULL, 9, 0, 24, 0, 3, 3, NULL, NULL, NULL, 1, NULL, 10, 45, 18, 1, NULL, 0, 8, NULL, NULL, NULL),
	(57, 'CII', NULL, 'Internat. Chem. Code Intermd.', NULL, 9, 0, 24, 0, 3, 3, NULL, NULL, NULL, 1, NULL, 10, 46, 30, 2, NULL, 0, 7, NULL, NULL, NULL),
	(58, 'CIIL', NULL, 'Internat. Chem. Code Initial', NULL, 9, 0, 0, 0, 0, 0, NULL, NULL, NULL, 7, NULL, 10, 45, 1, 1, NULL, 0, 8, NULL, NULL, NULL),
	(59, 'CIIL', NULL, 'Internat. Chem. Code Initial', NULL, 9, 0, 0, 0, 0, 0, NULL, NULL, NULL, 7, NULL, 10, 46, 1, 2, NULL, 0, 7, NULL, NULL, NULL),
	(60, 'CIR', NULL, 'Internat. Chem. Code Renewal', NULL, 9, 0, 60, 0, 3, 0, NULL, NULL, NULL, 3, NULL, 10, 45, 17, 1, NULL, 0, 8, NULL, NULL, NULL),
	(61, 'CIR', NULL, 'Internat. Chem. Code Renewal', NULL, 9, 0, 60, 0, 3, 0, NULL, NULL, NULL, 3, NULL, 10, 46, 22, 2, NULL, 0, 7, NULL, NULL, NULL),
	(62, 'COCH', NULL, 'Condition of Class Hull', NULL, 2, 0, 0, 0, 0, 0, NULL, NULL, NULL, 6, NULL, 1, 9, 2, 4, NULL, 0, 1, NULL, NULL, NULL),
	(63, 'COCH', NULL, 'Condition of Class Hull', NULL, 2, 0, 0, 0, 0, 0, NULL, NULL, NULL, 6, NULL, 2, 14, 2, 4, NULL, 0, 1, NULL, NULL, NULL),
	(64, 'COCH', NULL, 'Condition of Class Hull', NULL, 2, 0, 0, 0, 0, 0, NULL, NULL, NULL, 6, NULL, 3, 16, 2, 4, NULL, 0, 1, NULL, NULL, NULL),
	(65, 'COCH', NULL, 'Condition of Class Hull', NULL, 2, 0, 0, 0, 0, 0, NULL, NULL, NULL, 6, NULL, 4, 17, 2, 4, NULL, 0, 1, NULL, NULL, NULL),
	(66, 'COCH', NULL, 'Condition of Class Hull', NULL, 2, 0, 0, 0, 0, 0, NULL, NULL, NULL, 6, NULL, 5, 18, 2, 4, NULL, 0, 1, NULL, NULL, NULL),
	(67, 'COCH', NULL, 'Condition of Class Hull', NULL, 2, 0, 0, 0, 0, 0, NULL, NULL, NULL, 6, NULL, 6, 20, 2, 4, NULL, 0, 1, NULL, NULL, NULL),
	(68, 'COCH', NULL, 'Condition of Class Hull', NULL, 2, 0, 0, 0, 0, 0, NULL, NULL, NULL, 6, NULL, 7, 22, 2, 4, NULL, 0, 1, NULL, NULL, NULL),
	(69, 'COCH', NULL, 'Condition of Class Hull', NULL, 2, 0, 0, 0, 0, 0, NULL, NULL, NULL, 6, NULL, 8, 24, 2, 4, NULL, 0, 1, NULL, NULL, NULL),
	(70, 'COCH', NULL, 'Condition of Class Hull', NULL, 2, 0, 0, 0, 0, 0, NULL, NULL, NULL, 6, NULL, 9, 25, 2, 4, NULL, 0, 1, NULL, NULL, NULL),
	(71, 'COCL', NULL, 'Condition of Class Lift. App.', NULL, 10, 0, 0, 0, 0, 0, NULL, NULL, NULL, 6, NULL, 1, 1, 2, 4, NULL, 0, 1, NULL, NULL, NULL),
	(72, 'COCL', NULL, 'Condition of Class Lift. App.', NULL, 10, 0, 0, 0, 0, 0, NULL, NULL, NULL, 6, NULL, 2, 1, 2, 4, NULL, 0, 1, NULL, NULL, NULL),
	(73, 'COCL', NULL, 'Condition of Class Lift. App.', NULL, 10, 0, 0, 0, 0, 0, NULL, NULL, NULL, 6, NULL, 3, 1, 2, 4, NULL, 0, 1, NULL, NULL, NULL),
	(74, 'COCL', NULL, 'Condition of Class Lift. App.', NULL, 10, 0, 0, 0, 0, 0, NULL, NULL, NULL, 6, NULL, 5, 1, 2, 4, NULL, 0, 1, NULL, NULL, NULL),
	(75, 'COCL', NULL, 'Condition of Class Lift. App.', NULL, 10, 0, 0, 0, 0, 0, NULL, NULL, NULL, 6, NULL, 7, 1, 2, 4, NULL, 0, 1, NULL, NULL, NULL),
	(76, 'COCL', NULL, 'Condition of Class Lift. App.', NULL, 10, 0, 0, 0, 0, 0, NULL, NULL, NULL, 6, NULL, 9, 1, 2, 4, NULL, 0, 1, NULL, NULL, NULL),
	(77, 'COCM', NULL, 'Condition of Class Machinery', NULL, 5, 0, 0, 0, 0, 0, NULL, NULL, NULL, 6, NULL, 1, 10, 2, 4, NULL, 0, 1, NULL, NULL, NULL),
	(78, 'COCM', NULL, 'Condition of Class Machinery', NULL, 5, 0, 0, 0, 0, 0, NULL, NULL, NULL, 6, NULL, 2, 10, 2, 4, NULL, 0, 1, NULL, NULL, NULL),
	(79, 'COCM', NULL, 'Condition of Class Machinery', NULL, 5, 0, 0, 0, 0, 0, NULL, NULL, NULL, 6, NULL, 3, 10, 2, 4, NULL, 0, 1, NULL, NULL, NULL),
	(80, 'COCM', NULL, 'Condition of Class Machinery', NULL, 5, 0, 0, 0, 0, 0, NULL, NULL, NULL, 6, NULL, 4, 10, 2, 4, NULL, 0, 1, NULL, NULL, NULL),
	(81, 'COCM', NULL, 'Condition of Class Machinery', NULL, 5, 0, 0, 0, 0, 0, NULL, NULL, NULL, 6, NULL, 5, 19, 2, 4, NULL, 0, 1, NULL, NULL, NULL),
	(82, 'COCM', NULL, 'Condition of Class Machinery', NULL, 5, 0, 0, 0, 0, 0, NULL, NULL, NULL, 6, NULL, 6, 10, 2, 4, NULL, 0, 1, NULL, NULL, NULL),
	(83, 'COCM', NULL, 'Condition of Class Machinery', NULL, 5, 0, 0, 0, 0, 0, NULL, NULL, NULL, 6, NULL, 7, 10, 2, 4, NULL, 0, 1, NULL, NULL, NULL),
	(84, 'COCM', NULL, 'Condition of Class Machinery', NULL, 5, 0, 0, 0, 0, 0, NULL, NULL, NULL, 6, NULL, 8, 10, 2, 4, NULL, 0, 1, NULL, NULL, NULL),
	(85, 'COCM', NULL, 'Condition of Class Machinery', NULL, 5, 0, 0, 0, 0, 0, NULL, NULL, NULL, 6, NULL, 9, 10, 2, 4, NULL, 0, 1, NULL, NULL, NULL),
	(86, 'COCR', NULL, 'Condition of Cass Refrigertn.', NULL, 11, 0, 0, 0, 0, 0, NULL, NULL, NULL, 6, NULL, 7, 23, 2, 4, NULL, 0, 1, NULL, NULL, NULL),
	(87, 'COPA', NULL, 'Canadian Pollution Annual', NULL, 12, 0, 12, 0, 3, 3, NULL, NULL, NULL, 4, NULL, 10, 66, 19, 4, NULL, 0, 7, NULL, NULL, NULL),
	(88, 'COPI', NULL, 'Canadian Pollution Intermd.', NULL, 12, 0, 24, 0, 3, 3, NULL, NULL, NULL, 1, NULL, 10, 66, 29, 4, NULL, 0, 7, NULL, NULL, NULL),
	(89, 'COPM', NULL, 'Canadian Pollution Misc.', NULL, 12, 0, 0, 0, 0, 0, NULL, NULL, NULL, 6, NULL, 10, 66, 2, 4, NULL, 0, 7, NULL, NULL, NULL),
	(90, 'COPR', NULL, 'Canadian Pollution Renewal', NULL, 12, 0, 60, 0, 0, 0, NULL, NULL, NULL, 3, NULL, 10, 66, 21, 4, NULL, 0, 7, NULL, NULL, NULL),
	(91, 'CPHA', NULL, 'CP Combined Annual', NULL, 13, 0, 12, 0, 3, 3, NULL, NULL, NULL, 4, NULL, 10, 32, 19, 4, NULL, 0, 7, NULL, NULL, NULL),
	(92, 'CPHI', NULL, 'CP Combined Intermediate', NULL, 13, 0, 24, 0, 3, 3, NULL, NULL, NULL, 1, NULL, 10, 32, 29, 4, NULL, 0, 7, NULL, NULL, NULL),
	(93, 'CPHR', NULL, 'CP Combined Renewal', NULL, 13, 0, 60, 0, 0, 0, NULL, NULL, NULL, 3, NULL, 10, 32, 21, 4, NULL, 0, 7, NULL, NULL, NULL),
	(94, 'CPSA', NULL, 'CP Sailing Annual.', NULL, 14, 0, 12, 0, 3, 3, NULL, NULL, NULL, 4, NULL, 10, 33, 19, 4, NULL, 0, 7, NULL, NULL, NULL),
	(95, 'CPSR', NULL, 'CP Sailing Renewal', NULL, 14, 0, 60, 0, 0, 0, NULL, NULL, NULL, 3, NULL, 10, 33, 21, 4, NULL, 0, 7, NULL, NULL, NULL),
	(96, 'CPWA', NULL, 'CP Workboats Annual', NULL, 15, 0, 12, 0, 3, 3, NULL, NULL, NULL, 4, NULL, 10, 34, 19, 4, NULL, 0, 7, NULL, NULL, NULL),
	(97, 'CPWI', NULL, 'CP Workboats Inter.', NULL, 15, 0, 24, 0, 3, 3, NULL, NULL, NULL, 1, NULL, 10, 34, 29, 4, NULL, 0, 7, NULL, NULL, NULL),
	(98, 'CPWR', NULL, 'CP Workboats Renewal', NULL, 15, 0, 60, 0, 0, 0, NULL, NULL, NULL, 3, NULL, 10, 34, 21, 4, NULL, 0, 7, NULL, NULL, NULL),
	(99, 'CPYA', NULL, 'Megayacht Annual', NULL, 16, 0, 12, 0, 3, 3, NULL, NULL, NULL, 4, NULL, 10, 35, 19, 4, NULL, 0, 7, NULL, NULL, NULL),
	(100, 'CPYR', NULL, 'Megayacht Renewal', NULL, 16, 0, 60, 0, 0, 0, NULL, NULL, NULL, 3, NULL, 10, 35, 21, 4, NULL, 0, 7, NULL, NULL, NULL),
	(101, 'CSA', NULL, 'Chemical Support Vessel Annual', NULL, 17, 0, 12, 0, 3, 3, NULL, NULL, NULL, 4, NULL, 10, 42, 20, 2, NULL, 0, 7, NULL, NULL, NULL),
	(102, 'CSAH', NULL, 'Chemical Support Vessel Annual Harm.', NULL, 17, 0, 12, 0, 3, 3, NULL, NULL, NULL, 4, NULL, 10, 41, 16, 1, NULL, 0, 8, NULL, NULL, NULL),
	(103, 'CSEE', NULL, 'Cert. Escape-Evaluation Renewal', NULL, 18, 0, 60, 0, 0, 0, NULL, NULL, NULL, 3, NULL, 10, 70, 21, 4, NULL, 0, 7, NULL, NULL, NULL),
	(104, 'CSH', NULL, 'Continuous - Hull', NULL, 2, 0, 60, 0, 3, 0, NULL, NULL, NULL, 3, NULL, 1, 9, 26, 3, NULL, 0, 1, NULL, NULL, NULL),
	(105, 'CSH', NULL, 'Continuous - Hull', NULL, 2, 0, 60, 0, 3, 0, NULL, NULL, NULL, 3, NULL, 2, 14, 26, 3, NULL, 0, 1, NULL, NULL, NULL),
	(106, 'CSH', NULL, 'Continuous - Hull', NULL, 2, 0, 60, 0, 3, 0, NULL, NULL, NULL, 3, NULL, 3, 16, 11, 3, NULL, 0, 1, NULL, NULL, NULL),
	(107, 'CSH', NULL, 'Continuous - Hull', NULL, 2, 0, 60, 0, 3, 0, NULL, NULL, NULL, 3, NULL, 4, 17, 26, 3, NULL, 0, 1, NULL, NULL, NULL),
	(108, 'CSH', NULL, 'Continuous - Hull', NULL, 2, 0, 60, 0, 3, 0, NULL, NULL, NULL, 3, NULL, 6, 20, 26, 3, NULL, 0, 1, NULL, NULL, NULL),
	(109, 'CSH', NULL, 'Continuous - Hull', NULL, 2, 0, 60, 0, 3, 0, NULL, NULL, NULL, 3, NULL, 7, 22, 26, 3, NULL, 0, 1, NULL, NULL, NULL),
	(110, 'CSH', NULL, 'Continuous - Hull', NULL, 2, 0, 60, 0, 3, 0, NULL, NULL, NULL, 3, NULL, 8, 24, 26, 3, NULL, 0, 1, NULL, NULL, NULL),
	(111, 'CSH', NULL, 'Continuous - Hull', NULL, 2, 0, 60, 0, 3, 0, NULL, NULL, NULL, 3, NULL, 9, 25, 26, 3, NULL, 0, 1, NULL, NULL, NULL),
	(112, 'CSI', NULL, 'Chemical Support Vessel Intermediate', NULL, 17, 0, 24, 0, 3, 3, NULL, NULL, NULL, 1, NULL, 10, 42, 30, 2, NULL, 0, 7, NULL, NULL, NULL),
	(113, 'CSIH', NULL, 'Chemical Support Vessel Intermediate Harm', NULL, 17, 0, 24, 0, 3, 3, NULL, NULL, NULL, 1, NULL, 10, 41, 18, 1, NULL, 0, 8, NULL, NULL, NULL),
	(114, 'CSM', NULL, 'Continuous - Machinery', NULL, 5, 0, 60, 0, 3, 0, NULL, NULL, NULL, 3, NULL, 1, 10, 25, 4, NULL, 0, 1, NULL, NULL, NULL),
	(115, 'CSM', NULL, 'Continuous - Machinery', NULL, 5, 0, 60, 0, 3, 0, NULL, NULL, NULL, 3, NULL, 2, 10, 25, 4, NULL, 0, 1, NULL, NULL, NULL),
	(116, 'CSM', NULL, 'Continuous - Machinery', NULL, 5, 0, 60, 0, 3, 0, NULL, NULL, NULL, 3, NULL, 3, 10, 25, 4, NULL, 0, 1, NULL, NULL, NULL),
	(117, 'CSM', NULL, 'Continuous - Machinery', NULL, 5, 0, 60, 0, 3, 0, NULL, NULL, NULL, 3, NULL, 4, 10, 25, 4, NULL, 0, 1, NULL, NULL, NULL),
	(118, 'CSM', NULL, 'Continuous - Machinery', NULL, 5, 0, 60, 0, 3, 0, NULL, NULL, NULL, 3, NULL, 6, 10, 25, 4, NULL, 0, 1, NULL, NULL, NULL),
	(119, 'CSM', NULL, 'Continuous - Machinery', NULL, 5, 0, 60, 0, 3, 0, NULL, NULL, NULL, 3, NULL, 7, 10, 25, 4, NULL, 0, 1, NULL, NULL, NULL),
	(120, 'CSM', NULL, 'Continuous - Machinery', NULL, 5, 0, 60, 0, 3, 0, NULL, NULL, NULL, 3, NULL, 8, 10, 25, 4, NULL, 0, 1, NULL, NULL, NULL),
	(121, 'CSM', NULL, 'Continuous - Machinery', NULL, 5, 0, 60, 0, 3, 0, NULL, NULL, NULL, 3, NULL, 9, 10, 25, 4, NULL, 0, 1, NULL, NULL, NULL),
	(122, 'CSM', NULL, 'Continuous - Machinery', NULL, 5, 0, 72, 0, 3, 0, NULL, NULL, NULL, 3, NULL, 5, 19, 25, 4, NULL, 0, 4, NULL, NULL, NULL),
	(123, 'CSR', NULL, 'Chemical Support Vessel Renewal', NULL, 17, 0, 60, 0, 3, 0, NULL, NULL, NULL, 3, NULL, 10, 41, 17, 1, NULL, 0, 8, NULL, NULL, NULL),
	(124, 'CSR', NULL, 'Chemical Support Vessel Renewal', NULL, 17, 0, 60, 0, 3, 0, NULL, NULL, NULL, 3, NULL, 10, 42, 22, 2, NULL, 0, 7, NULL, NULL, NULL),
	(125, 'CSSA', NULL, 'Cert of Structural Strength Annual', NULL, 19, 0, 12, 0, 3, 3, NULL, NULL, NULL, 4, NULL, 10, 69, 19, 4, NULL, 0, 7, NULL, NULL, NULL),
	(126, 'CSSB', NULL, 'Certificate of Stability Renewal', NULL, 20, 0, 60, 0, 0, 0, NULL, NULL, NULL, 3, NULL, 10, 71, 21, 4, NULL, 0, 7, NULL, NULL, NULL),
	(127, 'CSSI', NULL, 'Cert of Structural Strength Intermediate', NULL, 19, 0, 24, 0, 3, 3, NULL, NULL, NULL, 1, NULL, 10, 69, 29, 4, NULL, 0, 7, NULL, NULL, NULL),
	(128, 'CSSS', NULL, 'Cert of Structural Strength Renewal', NULL, 19, 0, 60, 0, 0, 0, NULL, NULL, NULL, 3, NULL, 10, 69, 21, 4, NULL, 0, 7, NULL, NULL, NULL),
	(129, 'CWAH', NULL, 'Cert. of Seaworthiness Annual', NULL, 21, 0, 12, 0, 3, 3, NULL, NULL, NULL, 4, NULL, 10, 68, 16, 1, NULL, 0, 8, NULL, NULL, NULL),
	(130, 'CWRH', NULL, 'Cert. of Seaworthiness Renewal', NULL, 21, 0, 60, 0, 3, 0, NULL, NULL, NULL, 3, NULL, 10, 68, 17, 1, NULL, 0, 8, NULL, NULL, NULL),
	(131, 'DGA', NULL, 'Dangerous Goods Annual', NULL, 22, 0, 12, 0, 3, 3, NULL, NULL, NULL, 4, NULL, 10, 76, 16, 1, NULL, 0, 8, NULL, NULL, NULL),
	(132, 'DGA', NULL, 'Dangerous Goods Annual', NULL, 22, 0, 12, 0, 3, 3, NULL, NULL, NULL, 4, NULL, 10, 77, 20, 2, NULL, 0, 7, NULL, NULL, NULL),
	(133, 'DGIL', NULL, 'Dangerous Goods Initial', NULL, 22, 0, 0, 0, 0, 0, NULL, NULL, NULL, 7, NULL, 10, 76, 1, 1, NULL, 0, 8, NULL, NULL, NULL),
	(134, 'DGIL', NULL, 'Dangerous Goods Initial', NULL, 22, 0, 0, 0, 0, 0, NULL, NULL, NULL, 7, NULL, 10, 77, 1, 2, NULL, 0, 7, NULL, NULL, NULL),
	(135, 'DGM', NULL, 'Dangerous Goods Misc.', NULL, 22, 0, 0, 0, 0, 0, NULL, NULL, NULL, 6, NULL, 10, 76, 2, 4, NULL, 0, 8, NULL, NULL, NULL),
	(136, 'DGM', NULL, 'Dangerous Goods Misc.', NULL, 22, 0, 0, 0, 0, 0, NULL, NULL, NULL, 6, NULL, 10, 77, 2, 4, NULL, 0, 7, NULL, NULL, NULL),
	(137, 'DGR', NULL, 'Dangerous Goods Renewal', NULL, 22, 0, 60, 0, 3, 0, NULL, NULL, NULL, 3, NULL, 10, 76, 17, 1, NULL, 0, 8, NULL, NULL, NULL),
	(138, 'DGR', NULL, 'Dangerous Goods Renewal', NULL, 22, 0, 60, 0, 3, 0, NULL, NULL, NULL, 3, NULL, 10, 77, 22, 2, NULL, 0, 7, NULL, NULL, NULL),
	(139, 'DIA', NULL, 'Dangerous Goods Reg.19 Annual', NULL, 23, 0, 12, 0, 3, 3, NULL, NULL, NULL, 4, NULL, 10, 78, 16, 1, NULL, 0, 8, NULL, NULL, NULL),
	(140, 'DIA', NULL, 'Dangerous Goods Reg.19 Annual', NULL, 23, 0, 12, 0, 3, 3, NULL, NULL, NULL, 4, NULL, 10, 79, 20, 2, NULL, 0, 7, NULL, NULL, NULL),
	(141, 'DIIL', NULL, 'Dangerous Goods Reg.19 Initl.', NULL, 23, 0, 0, 0, 0, 0, NULL, NULL, NULL, 7, NULL, 10, 78, 1, 1, NULL, 0, 8, NULL, NULL, NULL),
	(142, 'DIIL', NULL, 'Dangerous Goods Reg.19 Initl.', NULL, 23, 0, 0, 0, 0, 0, NULL, NULL, NULL, 7, NULL, 10, 79, 1, 2, NULL, 0, 7, NULL, NULL, NULL),
	(143, 'DIM', NULL, 'Dangerous Goods Reg.19 Misc.', NULL, 23, 0, 0, 0, 0, 0, NULL, NULL, NULL, 6, NULL, 10, 78, 2, 4, NULL, 0, 8, NULL, NULL, NULL),
	(144, 'DIM', NULL, 'Dangerous Goods Reg.19 Misc.', NULL, 23, 0, 0, 0, 0, 0, NULL, NULL, NULL, 6, NULL, 10, 79, 2, 4, NULL, 0, 7, NULL, NULL, NULL),
	(145, 'DIR', NULL, 'Dangerous Goods Reg.19 Renwl.', NULL, 23, 0, 60, 0, 3, 0, NULL, NULL, NULL, 3, NULL, 10, 78, 17, 1, NULL, 0, 8, NULL, NULL, NULL),
	(146, 'DIR', NULL, 'Dangerous Goods Reg.19 Renwl.', NULL, 23, 0, 60, 0, 3, 0, NULL, NULL, NULL, 3, NULL, 10, 79, 22, 2, NULL, 0, 7, NULL, NULL, NULL),
	(147, 'DIRP', NULL, 'Directional Propeller', NULL, 5, 0, 60, 0, 0, 0, NULL, NULL, NULL, 3, NULL, 2, 15, 7, 4, NULL, 0, 1, NULL, NULL, NULL),
	(148, 'DIRP', NULL, 'Directional Propeller', NULL, 5, 0, 60, 0, 0, 0, NULL, NULL, NULL, 3, NULL, 3, 15, 7, 4, NULL, 0, 1, NULL, NULL, NULL),
	(149, 'DIRP', NULL, 'Directional Propeller', NULL, 5, 0, 60, 0, 0, 0, NULL, NULL, NULL, 3, NULL, 5, 15, 7, 4, NULL, 0, 1, NULL, NULL, NULL),
	(150, 'DIRP', NULL, 'Directional Propeller', NULL, 5, 0, 60, 0, 0, 0, NULL, NULL, NULL, 3, NULL, 7, 15, 7, 4, NULL, 0, 1, NULL, NULL, NULL),
	(151, 'DIRP', NULL, 'Directional Propeller', NULL, 5, 0, 60, 0, 0, 0, NULL, NULL, NULL, 3, NULL, 9, 15, 7, 4, NULL, 0, 1, NULL, NULL, NULL),
	(152, 'DS', NULL, 'Docking', NULL, 2, 0, 36, 0, 0, 0, NULL, NULL, NULL, 2, NULL, 1, 9, 4, 1, NULL, 0, 1, NULL, NULL, NULL),
	(153, 'DS', NULL, 'Docking', NULL, 2, 0, 60, 0, 0, 0, NULL, NULL, NULL, 2, NULL, 3, 16, 10, 3, NULL, 0, 3, NULL, NULL, NULL),
	(154, 'DS', NULL, 'Docking', NULL, 2, 0, 36, 0, 0, 0, NULL, NULL, NULL, 2, NULL, 4, 17, 4, 1, NULL, 0, 1, NULL, NULL, NULL),
	(155, 'DS', NULL, 'Docking', NULL, 2, 0, 36, 0, 0, 0, NULL, NULL, NULL, 2, NULL, 5, 18, 4, 1, NULL, 0, 1, NULL, NULL, NULL),
	(156, 'DS', NULL, 'Docking', NULL, 2, 0, 36, 0, 0, 0, NULL, NULL, NULL, 2, NULL, 6, 20, 4, 1, NULL, 0, 1, NULL, NULL, NULL),
	(157, 'DS', NULL, 'Docking', NULL, 2, 0, 36, 0, 0, 0, NULL, NULL, NULL, 2, NULL, 7, 22, 4, 1, NULL, 0, 1, NULL, NULL, NULL),
	(158, 'DS', NULL, 'Docking', NULL, 2, 0, 36, 0, 0, 0, NULL, NULL, NULL, 2, NULL, 9, 25, 4, 1, NULL, 0, 1, NULL, NULL, NULL),
	(159, 'ECAS', NULL, 'ECO Annual', NULL, 24, 0, 12, 0, 3, 3, NULL, NULL, NULL, 4, NULL, 2, 3, 5, 4, NULL, 0, 1, NULL, NULL, NULL),
	(160, 'ECAS', NULL, 'ECO Annual', NULL, 24, 0, 12, 0, 3, 3, NULL, NULL, NULL, 4, NULL, 3, 3, 5, 4, NULL, 0, 1, NULL, NULL, NULL),
	(161, 'ECAS', NULL, 'ECO Annual', NULL, 24, 0, 12, 0, 3, 3, NULL, NULL, NULL, 4, NULL, 6, 3, 5, 4, NULL, 0, 1, NULL, NULL, NULL),
	(162, 'ECAS', NULL, 'ECO Annual', NULL, 24, 0, 12, 0, 3, 3, NULL, NULL, NULL, 4, NULL, 7, 6, 5, 4, NULL, 0, 1, NULL, NULL, NULL),
	(163, 'ECAS', NULL, 'ECO Annual', NULL, 24, 0, 12, 0, 3, 3, NULL, NULL, NULL, 4, NULL, 9, 6, 5, 4, NULL, 0, 1, NULL, NULL, NULL),
	(164, 'ECCR', NULL, 'ECO Renewal', NULL, 24, 0, 60, 0, 0, 0, NULL, NULL, NULL, 3, NULL, 2, 3, 7, 4, NULL, 0, 1, NULL, NULL, NULL),
	(165, 'ECCR', NULL, 'ECO Renewal', NULL, 24, 0, 60, 0, 0, 0, NULL, NULL, NULL, 3, NULL, 3, 3, 7, 4, NULL, 0, 1, NULL, NULL, NULL),
	(166, 'ECCR', NULL, 'ECO Renewal', NULL, 24, 0, 60, 0, 0, 0, NULL, NULL, NULL, 3, NULL, 6, 3, 7, 4, NULL, 0, 1, NULL, NULL, NULL),
	(167, 'ECCR', NULL, 'ECO Renewal', NULL, 24, 0, 60, 0, 0, 0, NULL, NULL, NULL, 3, NULL, 7, 6, 7, 4, NULL, 0, 1, NULL, NULL, NULL),
	(168, 'ECCR', NULL, 'ECO Renewal', NULL, 24, 0, 60, 0, 0, 0, NULL, NULL, NULL, 3, NULL, 9, 6, 7, 4, NULL, 0, 1, NULL, NULL, NULL),
	(169, 'ECIL', NULL, 'ECO Initial', NULL, 24, 0, 0, 0, 0, 0, NULL, NULL, NULL, 7, NULL, 2, 3, 1, 4, NULL, 0, 1, NULL, NULL, NULL),
	(170, 'ECIL', NULL, 'ECO Initial', NULL, 24, 0, 0, 0, 0, 0, NULL, NULL, NULL, 7, NULL, 3, 3, 1, 4, NULL, 0, 1, NULL, NULL, NULL),
	(171, 'ECIL', NULL, 'ECO Initial', NULL, 24, 0, 0, 0, 0, 0, NULL, NULL, NULL, 7, NULL, 6, 3, 1, 4, NULL, 0, 1, NULL, NULL, NULL),
	(172, 'ECIL', NULL, 'ECO Initial', NULL, 24, 0, 0, 0, 0, 0, NULL, NULL, NULL, 7, NULL, 7, 6, 1, 4, NULL, 0, 1, NULL, NULL, NULL),
	(173, 'ECIL', NULL, 'ECO Initial', NULL, 24, 0, 0, 0, 0, 0, NULL, NULL, NULL, 7, NULL, 9, 6, 1, 4, NULL, 0, 1, NULL, NULL, NULL),
	(174, 'EGE', NULL, 'Exhaust Gas Economiser', NULL, 5, 0, 36, 0, 0, 0, NULL, NULL, NULL, 9, NULL, 2, 15, 4, 4, NULL, 0, 1, NULL, NULL, NULL),
	(175, 'EGE', NULL, 'Exhaust Gas Economiser', NULL, 5, 0, 36, 0, 0, 0, NULL, NULL, NULL, 9, NULL, 3, 15, 4, 4, NULL, 0, 1, NULL, NULL, NULL),
	(176, 'EGE', NULL, 'Exhaust Gas Economiser', NULL, 5, 0, 36, 0, 0, 0, NULL, NULL, NULL, 9, NULL, 5, 15, 4, 4, NULL, 0, 1, NULL, NULL, NULL),
	(177, 'EGE', NULL, 'Exhaust Gas Economiser', NULL, 5, 0, 36, 0, 0, 0, NULL, NULL, NULL, 9, NULL, 7, 15, 4, 4, NULL, 0, 1, NULL, NULL, NULL),
	(178, 'EGE', NULL, 'Exhaust Gas Economiser', NULL, 5, 0, 36, 0, 0, 0, NULL, NULL, NULL, 9, NULL, 9, 15, 4, 4, NULL, 0, 1, NULL, NULL, NULL),
	(179, 'ENAS', NULL, 'ENV Annual', NULL, 25, 0, 12, 0, 3, 3, NULL, NULL, NULL, 4, NULL, 5, 5, 5, 4, NULL, 0, 1, NULL, NULL, NULL),
	(180, 'ENCR', NULL, 'ENV Renewal', NULL, 25, 0, 72, 0, 0, 0, NULL, NULL, NULL, 3, NULL, 5, 5, 7, 4, NULL, 0, 1, NULL, NULL, NULL),
	(181, 'ENIL', NULL, 'ENV Initial', NULL, 25, 0, 0, 0, 0, 0, NULL, NULL, NULL, 7, NULL, 5, 5, 1, 4, NULL, 0, 1, NULL, NULL, NULL),
	(182, 'EPAS', NULL, 'EP Annual', NULL, 26, 0, 12, 0, 3, 3, NULL, NULL, NULL, 4, NULL, 2, 4, 5, 4, NULL, 0, 1, NULL, NULL, NULL),
	(183, 'EPAS', NULL, 'EP Annual', NULL, 26, 0, 12, 0, 3, 3, NULL, NULL, NULL, 4, NULL, 3, 4, 5, 4, NULL, 0, 1, NULL, NULL, NULL),
	(184, 'EPAS', NULL, 'EP Annual', NULL, 26, 0, 12, 0, 3, 3, NULL, NULL, NULL, 4, NULL, 6, 4, 5, 4, NULL, 0, 1, NULL, NULL, NULL),
	(185, 'EPAS', NULL, 'EP Annual', NULL, 26, 0, 12, 0, 3, 3, NULL, NULL, NULL, 4, NULL, 7, 21, 5, 4, NULL, 0, 1, NULL, NULL, NULL),
	(186, 'EPAS', NULL, 'EP Annual', NULL, 26, 0, 12, 0, 3, 3, NULL, NULL, NULL, 4, NULL, 9, 21, 5, 4, NULL, 0, 1, NULL, NULL, NULL),
	(187, 'EPCR', NULL, 'EP Renewal', NULL, 26, 0, 60, 0, 0, 0, NULL, NULL, NULL, 3, NULL, 2, 4, 7, 4, NULL, 0, 1, NULL, NULL, NULL),
	(188, 'EPCR', NULL, 'EP Renewal', NULL, 26, 0, 60, 0, 0, 0, NULL, NULL, NULL, 3, NULL, 3, 4, 7, 4, NULL, 0, 1, NULL, NULL, NULL),
	(189, 'EPCR', NULL, 'EP Renewal', NULL, 26, 0, 60, 0, 0, 0, NULL, NULL, NULL, 3, NULL, 6, 4, 7, 4, NULL, 0, 1, NULL, NULL, NULL),
	(190, 'EPCR', NULL, 'EP Renewal', NULL, 26, 0, 60, 0, 0, 0, NULL, NULL, NULL, 3, NULL, 7, 21, 7, 4, NULL, 0, 1, NULL, NULL, NULL),
	(191, 'EPCR', NULL, 'EP Renewal', NULL, 26, 0, 60, 0, 0, 0, NULL, NULL, NULL, 3, NULL, 9, 21, 7, 4, NULL, 0, 1, NULL, NULL, NULL),
	(192, 'EPM', NULL, 'Environmental Protection Misc.', NULL, 26, 0, 0, 0, 0, 0, NULL, NULL, NULL, 6, NULL, 2, 4, 2, 4, NULL, 0, 1, NULL, NULL, NULL),
	(193, 'EPM', NULL, 'Environmental Protection Misc.', NULL, 26, 0, 0, 0, 0, 0, NULL, NULL, NULL, 6, NULL, 3, 4, 2, 4, NULL, 0, 1, NULL, NULL, NULL),
	(194, 'EPM', NULL, 'Environmental Protection Misc.', NULL, 26, 0, 0, 0, 0, 0, NULL, NULL, NULL, 6, NULL, 6, 4, 2, 4, NULL, 0, 1, NULL, NULL, NULL),
	(195, 'EPM', NULL, 'Environmental Protection Misc.', NULL, 26, 0, 0, 0, 0, 0, NULL, NULL, NULL, 6, NULL, 7, 21, 2, 4, NULL, 0, 1, NULL, NULL, NULL),
	(196, 'EPM', NULL, 'Environmental Protection Misc.', NULL, 26, 0, 0, 0, 0, 0, NULL, NULL, NULL, 6, NULL, 9, 21, 2, 4, NULL, 0, 1, NULL, NULL, NULL),
	(197, 'ES', NULL, 'Engine Special', NULL, 5, 0, 60, 0, 3, 0, NULL, NULL, NULL, 3, NULL, 1, 10, 25, 4, NULL, 0, 1, NULL, NULL, NULL),
	(198, 'ES', NULL, 'Engine Special', NULL, 5, 0, 60, 0, 3, 0, NULL, NULL, NULL, 3, NULL, 2, 10, 25, 4, NULL, 0, 1, NULL, NULL, NULL),
	(199, 'ES', NULL, 'Engine Special', NULL, 5, 0, 60, 0, 3, 0, NULL, NULL, NULL, 3, NULL, 3, 10, 25, 4, NULL, 0, 1, NULL, NULL, NULL),
	(200, 'ES', NULL, 'Engine Special', NULL, 5, 0, 60, 0, 3, 0, NULL, NULL, NULL, 3, NULL, 4, 10, 25, 4, NULL, 0, 1, NULL, NULL, NULL),
	(201, 'ES', NULL, 'Engine Special', NULL, 5, 0, 72, 0, 3, 0, NULL, NULL, NULL, 3, NULL, 5, 19, 25, 4, NULL, 0, 4, NULL, NULL, NULL),
	(202, 'ES', NULL, 'Engine Special', NULL, 5, 0, 60, 0, 3, 0, NULL, NULL, NULL, 3, NULL, 6, 10, 25, 4, NULL, 0, 1, NULL, NULL, NULL),
	(203, 'ES', NULL, 'Engine Special', NULL, 5, 0, 60, 0, 3, 0, NULL, NULL, NULL, 3, NULL, 7, 10, 25, 4, NULL, 0, 1, NULL, NULL, NULL),
	(204, 'ES', NULL, 'Engine Special', NULL, 5, 0, 60, 0, 3, 0, NULL, NULL, NULL, 3, NULL, 8, 10, 25, 4, NULL, 0, 1, NULL, NULL, NULL),
	(205, 'ES', NULL, 'Engine Special', NULL, 5, 0, 60, 0, 3, 0, NULL, NULL, NULL, 3, NULL, 9, 10, 25, 4, NULL, 0, 1, NULL, NULL, NULL),
	(206, 'FSIM', NULL, 'Flag State Inspection', NULL, 27, 0, 0, 0, 0, 0, NULL, NULL, NULL, 6, NULL, 10, 38, 2, 4, NULL, 0, 7, NULL, NULL, NULL),
	(207, 'GASM', NULL, 'Gas Code Miscellaneous', NULL, 28, 0, 0, 0, 0, 0, NULL, NULL, NULL, 6, NULL, 10, 43, 2, 4, NULL, 0, 8, NULL, NULL, NULL),
	(208, 'GASM', NULL, 'Gas Code Miscellaneous', NULL, 28, 0, 0, 0, 0, 0, NULL, NULL, NULL, 6, NULL, 10, 44, 2, 4, NULL, 0, 7, NULL, NULL, NULL),
	(209, 'GCA', NULL, 'Gas Code Annual', NULL, 28, 0, 12, 0, 3, 3, NULL, NULL, NULL, 4, NULL, 10, 43, 16, 1, NULL, 0, 8, NULL, NULL, NULL),
	(210, 'GCA', NULL, 'Gas Code Annual', NULL, 28, 0, 12, 0, 3, 3, NULL, NULL, NULL, 4, NULL, 10, 44, 20, 2, NULL, 0, 7, NULL, NULL, NULL),
	(211, 'GCFD', NULL, 'Gas Cargo First Discharge', NULL, 2, 0, 12, 0, 3, 3, NULL, NULL, NULL, 7, NULL, 2, 13, 1, 4, NULL, 0, 1, NULL, NULL, NULL),
	(212, 'GCFD', NULL, 'Gas Cargo First Discharge', NULL, 2, 0, 12, 0, 3, 3, NULL, NULL, NULL, 7, NULL, 3, 13, 1, 4, NULL, 0, 1, NULL, NULL, NULL),
	(213, 'GCFD', NULL, 'Gas Cargo First Discharge', NULL, 2, 0, 12, 0, 3, 3, NULL, NULL, NULL, 7, NULL, 5, 13, 1, 4, NULL, 0, 1, NULL, NULL, NULL),
	(214, 'GCFD', NULL, 'Gas Cargo First Discharge', NULL, 2, 0, 12, 0, 3, 3, NULL, NULL, NULL, 7, NULL, 7, 13, 1, 4, NULL, 0, 1, NULL, NULL, NULL),
	(215, 'GCFD', NULL, 'Gas Cargo First Discharge', NULL, 2, 0, 12, 0, 3, 3, NULL, NULL, NULL, 7, NULL, 9, 13, 1, 4, NULL, 0, 1, NULL, NULL, NULL),
	(216, 'GCFL', NULL, 'Gas Cargo First Loading', NULL, 2, 0, 12, 0, 3, 3, NULL, NULL, NULL, 7, NULL, 2, 13, 1, 4, NULL, 0, 1, NULL, NULL, NULL),
	(217, 'GCFL', NULL, 'Gas Cargo First Loading', NULL, 2, 0, 12, 0, 3, 3, NULL, NULL, NULL, 7, NULL, 3, 13, 1, 4, NULL, 0, 1, NULL, NULL, NULL),
	(218, 'GCFL', NULL, 'Gas Cargo First Loading', NULL, 2, 0, 12, 0, 3, 3, NULL, NULL, NULL, 7, NULL, 5, 13, 1, 4, NULL, 0, 1, NULL, NULL, NULL),
	(219, 'GCFL', NULL, 'Gas Cargo First Loading', NULL, 2, 0, 12, 0, 3, 3, NULL, NULL, NULL, 7, NULL, 7, 13, 1, 4, NULL, 0, 1, NULL, NULL, NULL),
	(220, 'GCFL', NULL, 'Gas Cargo First Loading', NULL, 2, 0, 12, 0, 3, 3, NULL, NULL, NULL, 7, NULL, 9, 13, 1, 4, NULL, 0, 1, NULL, NULL, NULL),
	(221, 'GCI', NULL, 'Gas Code Intermediate', NULL, 28, 0, 24, 0, 3, 3, NULL, NULL, NULL, 1, NULL, 10, 43, 18, 1, NULL, 0, 8, NULL, NULL, NULL),
	(222, 'GCI', NULL, 'Gas Code Intermediate', NULL, 28, 0, 24, 0, 3, 3, NULL, NULL, NULL, 1, NULL, 10, 44, 30, 2, NULL, 0, 7, NULL, NULL, NULL),
	(223, 'GCIL', NULL, 'Gas Code Initial', NULL, 28, 0, 0, 0, 0, 0, NULL, NULL, NULL, 7, NULL, 10, 43, 1, 1, NULL, 0, 8, NULL, NULL, NULL),
	(224, 'GCIL', NULL, 'Gas Code Initial', NULL, 28, 0, 0, 0, 0, 0, NULL, NULL, NULL, 7, NULL, 10, 44, 1, 2, NULL, 0, 7, NULL, NULL, NULL),
	(225, 'GCR', NULL, 'Gas Code Renewal', NULL, 28, 0, 60, 0, 3, 0, NULL, NULL, NULL, 3, NULL, 10, 43, 17, 1, NULL, 0, 8, NULL, NULL, NULL),
	(226, 'GCR', NULL, 'Gas Code Renewal', NULL, 28, 0, 60, 0, 3, 0, NULL, NULL, NULL, 3, NULL, 10, 44, 22, 2, NULL, 0, 7, NULL, NULL, NULL),
	(227, 'GIA', NULL, 'Internat. Gas Code Annual', NULL, 29, 0, 12, 0, 3, 3, NULL, NULL, NULL, 4, NULL, 10, 47, 16, 1, NULL, 0, 8, NULL, NULL, NULL),
	(228, 'GIA', NULL, 'Internat. Gas Code Annual', NULL, 29, 0, 12, 0, 3, 3, NULL, NULL, NULL, 4, NULL, 10, 48, 20, 2, NULL, 0, 7, NULL, NULL, NULL),
	(229, 'GII', NULL, 'Internat. Gas Code Intermd.', NULL, 29, 0, 24, 0, 3, 3, NULL, NULL, NULL, 1, NULL, 10, 47, 18, 1, NULL, 0, 8, NULL, NULL, NULL),
	(230, 'GII', NULL, 'Internat. Gas Code Intermd.', NULL, 29, 0, 24, 0, 3, 3, NULL, NULL, NULL, 1, NULL, 10, 48, 30, 2, NULL, 0, 7, NULL, NULL, NULL),
	(231, 'GIIL', NULL, 'Internat. Gas Code Initial', NULL, 29, 0, 0, 0, 0, 0, NULL, NULL, NULL, 7, NULL, 10, 47, 1, 1, NULL, 0, 8, NULL, NULL, NULL),
	(232, 'GIIL', NULL, 'Internat. Gas Code Initial', NULL, 29, 0, 0, 0, 0, 0, NULL, NULL, NULL, 7, NULL, 10, 48, 1, 2, NULL, 0, 7, NULL, NULL, NULL),
	(233, 'GIR', NULL, 'Internat. Gas Code Renewal', NULL, 29, 0, 60, 0, 3, 0, NULL, NULL, NULL, 3, NULL, 10, 47, 17, 1, NULL, 0, 8, NULL, NULL, NULL),
	(234, 'GIR', NULL, 'Internat. Gas Code Renewal', NULL, 29, 0, 60, 0, 3, 0, NULL, NULL, NULL, 3, NULL, 10, 48, 22, 2, NULL, 0, 7, NULL, NULL, NULL),
	(235, 'GPAA', NULL, 'Green Passport Annual Review', NULL, 30, 0, 12, 0, 3, 3, NULL, NULL, NULL, 4, NULL, 2, 12, 5, 4, NULL, 0, 1, NULL, NULL, NULL),
	(236, 'GPAA', NULL, 'Green Passport Annual Review', NULL, 30, 0, 12, 0, 3, 3, NULL, NULL, NULL, 4, NULL, 3, 12, 5, 4, NULL, 0, 1, NULL, NULL, NULL),
	(237, 'GPAA', NULL, 'Green Passport Annual Review', NULL, 30, 0, 12, 0, 3, 3, NULL, NULL, NULL, 4, NULL, 5, 12, 5, 4, NULL, 0, 1, NULL, NULL, NULL),
	(238, 'GPAA', NULL, 'Green Passport Annual Review', NULL, 30, 0, 12, 0, 3, 3, NULL, NULL, NULL, 4, NULL, 6, 12, 5, 4, NULL, 0, 1, NULL, NULL, NULL),
	(239, 'GPAA', NULL, 'Green Passport Annual Review', NULL, 30, 0, 12, 0, 3, 3, NULL, NULL, NULL, 4, NULL, 7, 12, 5, 4, NULL, 0, 1, NULL, NULL, NULL),
	(240, 'GPAA', NULL, 'Green Passport Annual Review', NULL, 30, 0, 12, 0, 3, 3, NULL, NULL, NULL, 4, NULL, 9, 12, 5, 4, NULL, 0, 1, NULL, NULL, NULL),
	(241, 'GPCR', NULL, 'Green Passport Renewal', NULL, 30, 0, 60, 0, 0, 0, NULL, NULL, NULL, 3, NULL, 2, 12, 7, 4, NULL, 0, 1, NULL, NULL, NULL),
	(242, 'GPCR', NULL, 'Green Passport Renewal', NULL, 30, 0, 60, 0, 0, 0, NULL, NULL, NULL, 3, NULL, 3, 12, 7, 4, NULL, 0, 1, NULL, NULL, NULL),
	(243, 'GPCR', NULL, 'Green Passport Renewal', NULL, 30, 0, 60, 0, 0, 0, NULL, NULL, NULL, 3, NULL, 5, 12, 7, 4, NULL, 0, 1, NULL, NULL, NULL),
	(244, 'GPCR', NULL, 'Green Passport Renewal', NULL, 30, 0, 60, 0, 0, 0, NULL, NULL, NULL, 3, NULL, 7, 12, 7, 4, NULL, 0, 1, NULL, NULL, NULL),
	(245, 'GPCR', NULL, 'Green Passport Renewal', NULL, 30, 0, 60, 0, 0, 0, NULL, NULL, NULL, 3, NULL, 9, 12, 7, 4, NULL, 0, 1, NULL, NULL, NULL),
	(246, 'GPM', NULL, 'Green Passport Misc.', NULL, 30, 0, 0, 0, 0, 0, NULL, NULL, NULL, 6, NULL, 2, 12, 2, 4, NULL, 0, 1, NULL, NULL, NULL),
	(247, 'GPM', NULL, 'Green Passport Misc.', NULL, 30, 0, 0, 0, 0, 0, NULL, NULL, NULL, 6, NULL, 3, 12, 2, 4, NULL, 0, 1, NULL, NULL, NULL),
	(248, 'GPM', NULL, 'Green Passport Misc.', NULL, 30, 0, 0, 0, 0, 0, NULL, NULL, NULL, 6, NULL, 5, 12, 2, 4, NULL, 0, 1, NULL, NULL, NULL),
	(249, 'GPM', NULL, 'Green Passport Misc.', NULL, 30, 0, 0, 0, 0, 0, NULL, NULL, NULL, 6, NULL, 6, 12, 2, 4, NULL, 0, 1, NULL, NULL, NULL),
	(250, 'GPM', NULL, 'Green Passport Misc.', NULL, 30, 0, 0, 0, 0, 0, NULL, NULL, NULL, 6, NULL, 7, 12, 2, 4, NULL, 0, 1, NULL, NULL, NULL),
	(251, 'GPM', NULL, 'Green Passport Misc.', NULL, 30, 0, 0, 0, 0, 0, NULL, NULL, NULL, 6, NULL, 9, 12, 2, 4, NULL, 0, 1, NULL, NULL, NULL),
	(252, 'HALT', NULL, 'Hull Alterations', NULL, 2, 0, 0, 0, 0, 0, NULL, NULL, NULL, 6, NULL, 1, 9, 2, 4, NULL, 0, 1, NULL, NULL, NULL),
	(253, 'HALT', NULL, 'Hull Alterations', NULL, 2, 0, 0, 0, 0, 0, NULL, NULL, NULL, 6, NULL, 2, 14, 2, 4, NULL, 0, 1, NULL, NULL, NULL),
	(254, 'HALT', NULL, 'Hull Alterations', NULL, 2, 0, 0, 0, 0, 0, NULL, NULL, NULL, 6, NULL, 3, 16, 2, 4, NULL, 0, 1, NULL, NULL, NULL),
	(255, 'HALT', NULL, 'Hull Alterations', NULL, 2, 0, 0, 0, 0, 0, NULL, NULL, NULL, 6, NULL, 4, 17, 2, 4, NULL, 0, 1, NULL, NULL, NULL),
	(256, 'HALT', NULL, 'Hull Alterations', NULL, 2, 0, 0, 0, 0, 0, NULL, NULL, NULL, 6, NULL, 5, 18, 2, 4, NULL, 0, 1, NULL, NULL, NULL),
	(257, 'HALT', NULL, 'Hull Alterations', NULL, 2, 0, 0, 0, 0, 0, NULL, NULL, NULL, 6, NULL, 6, 20, 2, 4, NULL, 0, 1, NULL, NULL, NULL),
	(258, 'HALT', NULL, 'Hull Alterations', NULL, 2, 0, 0, 0, 0, 0, NULL, NULL, NULL, 6, NULL, 7, 22, 2, 4, NULL, 0, 1, NULL, NULL, NULL),
	(259, 'HALT', NULL, 'Hull Alterations', NULL, 2, 0, 0, 0, 0, 0, NULL, NULL, NULL, 6, NULL, 8, 24, 2, 4, NULL, 0, 1, NULL, NULL, NULL),
	(260, 'HALT', NULL, 'Hull Alterations', NULL, 2, 0, 0, 0, 0, 0, NULL, NULL, NULL, 6, NULL, 9, 25, 2, 4, NULL, 0, 1, NULL, NULL, NULL),
	(261, 'HDAM', NULL, 'Hull Damage', NULL, 2, 0, 0, 0, 0, 0, NULL, NULL, NULL, 6, NULL, 1, 9, 2, 4, NULL, 0, 1, NULL, NULL, NULL),
	(262, 'HDAM', NULL, 'Hull Damage', NULL, 2, 0, 0, 0, 0, 0, NULL, NULL, NULL, 6, NULL, 2, 14, 2, 4, NULL, 0, 1, NULL, NULL, NULL),
	(263, 'HDAM', NULL, 'Hull Damage', NULL, 2, 0, 0, 0, 0, 0, NULL, NULL, NULL, 6, NULL, 3, 16, 2, 4, NULL, 0, 1, NULL, NULL, NULL),
	(264, 'HDAM', NULL, 'Hull Damage', NULL, 2, 0, 0, 0, 0, 0, NULL, NULL, NULL, 6, NULL, 4, 17, 2, 4, NULL, 0, 1, NULL, NULL, NULL),
	(265, 'HDAM', NULL, 'Hull Damage', NULL, 2, 0, 0, 0, 0, 0, NULL, NULL, NULL, 6, NULL, 5, 18, 2, 4, NULL, 0, 1, NULL, NULL, NULL),
	(266, 'HDAM', NULL, 'Hull Damage', NULL, 2, 0, 0, 0, 0, 0, NULL, NULL, NULL, 6, NULL, 6, 20, 2, 4, NULL, 0, 1, NULL, NULL, NULL),
	(267, 'HDAM', NULL, 'Hull Damage', NULL, 2, 0, 0, 0, 0, 0, NULL, NULL, NULL, 6, NULL, 7, 22, 2, 4, NULL, 0, 1, NULL, NULL, NULL),
	(268, 'HDAM', NULL, 'Hull Damage', NULL, 2, 0, 0, 0, 0, 0, NULL, NULL, NULL, 6, NULL, 8, 24, 2, 4, NULL, 0, 1, NULL, NULL, NULL),
	(269, 'HDAM', NULL, 'Hull Damage', NULL, 2, 0, 0, 0, 0, 0, NULL, NULL, NULL, 6, NULL, 9, 25, 2, 4, NULL, 0, 1, NULL, NULL, NULL),
	(270, 'HRPS', NULL, 'Hull Repairs', NULL, 2, 0, 0, 0, 0, 0, NULL, NULL, NULL, 6, NULL, 1, 9, 2, 4, NULL, 0, 1, NULL, NULL, NULL),
	(271, 'HRPS', NULL, 'Hull Repairs', NULL, 2, 0, 0, 0, 0, 0, NULL, NULL, NULL, 6, NULL, 2, 14, 2, 4, NULL, 0, 1, NULL, NULL, NULL),
	(272, 'HRPS', NULL, 'Hull Repairs', NULL, 2, 0, 0, 0, 0, 0, NULL, NULL, NULL, 6, NULL, 3, 16, 2, 4, NULL, 0, 1, NULL, NULL, NULL),
	(273, 'HRPS', NULL, 'Hull Repairs', NULL, 2, 0, 0, 0, 0, 0, NULL, NULL, NULL, 6, NULL, 4, 17, 2, 4, NULL, 0, 1, NULL, NULL, NULL),
	(274, 'HRPS', NULL, 'Hull Repairs', NULL, 2, 0, 0, 0, 0, 0, NULL, NULL, NULL, 6, NULL, 5, 18, 2, 4, NULL, 0, 1, NULL, NULL, NULL),
	(275, 'HRPS', NULL, 'Hull Repairs', NULL, 2, 0, 0, 0, 0, 0, NULL, NULL, NULL, 6, NULL, 6, 20, 2, 4, NULL, 0, 1, NULL, NULL, NULL),
	(276, 'HRPS', NULL, 'Hull Repairs', NULL, 2, 0, 0, 0, 0, 0, NULL, NULL, NULL, 6, NULL, 7, 22, 2, 4, NULL, 0, 1, NULL, NULL, NULL),
	(277, 'HRPS', NULL, 'Hull Repairs', NULL, 2, 0, 0, 0, 0, 0, NULL, NULL, NULL, 6, NULL, 8, 24, 2, 4, NULL, 0, 1, NULL, NULL, NULL),
	(278, 'HRPS', NULL, 'Hull Repairs', NULL, 2, 0, 0, 0, 0, 0, NULL, NULL, NULL, 6, NULL, 9, 25, 2, 4, NULL, 0, 1, NULL, NULL, NULL),
	(279, 'HULL', NULL, 'Hull - Other Surveys', NULL, 2, 0, 0, 0, 0, 0, NULL, NULL, NULL, 6, NULL, 1, 9, 2, 4, NULL, 0, 1, NULL, NULL, NULL),
	(280, 'HULL', NULL, 'Hull - Other Surveys', NULL, 2, 0, 0, 0, 0, 0, NULL, NULL, NULL, 6, NULL, 2, 14, 2, 4, NULL, 0, 1, NULL, NULL, NULL),
	(281, 'HULL', NULL, 'Hull - Other Surveys', NULL, 2, 0, 0, 0, 0, 0, NULL, NULL, NULL, 6, NULL, 3, 16, 2, 4, NULL, 0, 1, NULL, NULL, NULL),
	(282, 'HULL', NULL, 'Hull - Other Surveys', NULL, 2, 0, 0, 0, 0, 0, NULL, NULL, NULL, 6, NULL, 4, 17, 2, 4, NULL, 0, 1, NULL, NULL, NULL),
	(283, 'HULL', NULL, 'Hull - Other Surveys', NULL, 2, 0, 0, 0, 0, 0, NULL, NULL, NULL, 6, NULL, 5, 18, 2, 4, NULL, 0, 1, NULL, NULL, NULL),
	(284, 'HULL', NULL, 'Hull - Other Surveys', NULL, 2, 0, 0, 0, 0, 0, NULL, NULL, NULL, 6, NULL, 6, 20, 2, 4, NULL, 0, 1, NULL, NULL, NULL),
	(285, 'HULL', NULL, 'Hull - Other Surveys', NULL, 2, 0, 0, 0, 0, 0, NULL, NULL, NULL, 6, NULL, 7, 22, 2, 4, NULL, 0, 1, NULL, NULL, NULL),
	(286, 'HULL', NULL, 'Hull - Other Surveys', NULL, 2, 0, 0, 0, 0, 0, NULL, NULL, NULL, 6, NULL, 8, 24, 2, 4, NULL, 0, 1, NULL, NULL, NULL),
	(287, 'HULL', NULL, 'Hull - Other Surveys', NULL, 2, 0, 0, 0, 0, 0, NULL, NULL, NULL, 6, NULL, 9, 25, 2, 4, NULL, 0, 1, NULL, NULL, NULL),
	(288, 'HWHS', NULL, 'Hot Water Heater', NULL, 5, 0, 36, 0, 0, 0, NULL, NULL, NULL, 9, NULL, 2, 15, 4, 4, NULL, 0, 1, NULL, NULL, NULL),
	(289, 'HWHS', NULL, 'Hot Water Heater', NULL, 5, 0, 36, 0, 0, 0, NULL, NULL, NULL, 9, NULL, 3, 15, 4, 4, NULL, 0, 1, NULL, NULL, NULL),
	(290, 'HWHS', NULL, 'Hot Water Heater', NULL, 5, 0, 36, 0, 0, 0, NULL, NULL, NULL, 9, NULL, 5, 15, 4, 4, NULL, 0, 1, NULL, NULL, NULL),
	(291, 'HWHS', NULL, 'Hot Water Heater', NULL, 5, 0, 36, 0, 0, 0, NULL, NULL, NULL, 9, NULL, 7, 15, 4, 4, NULL, 0, 1, NULL, NULL, NULL),
	(292, 'HWHS', NULL, 'Hot Water Heater', NULL, 5, 0, 36, 0, 0, 0, NULL, NULL, NULL, 9, NULL, 9, 15, 4, 4, NULL, 0, 1, NULL, NULL, NULL),
	(293, 'IEX', NULL, 'Internal Examination', NULL, 2, 0, 30, 0, 6, 6, NULL, NULL, NULL, 8, NULL, 7, 22, 6, 1, NULL, 0, 5, NULL, NULL, NULL),
	(294, 'ILL', NULL, 'Load Line Initial', NULL, 31, 0, 0, 0, 0, 0, NULL, NULL, NULL, 7, NULL, 10, 50, 1, 1, NULL, 0, 8, NULL, NULL, NULL),
	(295, 'ILL', NULL, 'Load Line Initial', NULL, 31, 0, 0, 0, 0, 0, NULL, NULL, NULL, 7, NULL, 10, 51, 1, 1, NULL, 0, 10, NULL, NULL, NULL),
	(296, 'ILL', NULL, 'Load Line Initial', NULL, 31, 0, 0, 0, 0, 0, NULL, NULL, NULL, 7, NULL, 10, 52, 1, 2, NULL, 0, 7, NULL, NULL, NULL),
	(297, 'ILOM', NULL, 'Crew Accomodation', NULL, 53, 0, 0, 0, 0, 0, NULL, NULL, NULL, 6, NULL, 10, 95, 2, 4, NULL, 0, 7, NULL, NULL, NULL),
	(298, 'ISSA', NULL, 'ISPS Additional', NULL, 33, 0, 0, 0, 0, 0, NULL, NULL, NULL, 11, NULL, 10, 27, 3, 4, NULL, 0, 9, NULL, NULL, NULL),
	(299, 'ISSI', NULL, 'ISPS  Initial', NULL, 33, 0, 6, 0, 0, 0, NULL, NULL, NULL, 7, NULL, 10, 27, 24, 4, NULL, 0, 9, NULL, NULL, NULL),
	(300, 'ISSM', NULL, 'ISPS  Miscellaneous', NULL, 33, 0, 0, 0, 0, 0, NULL, NULL, NULL, 6, NULL, 10, 27, 2, 4, NULL, 0, 9, NULL, NULL, NULL),
	(301, 'ISSP', NULL, 'ISPS  Periodical', NULL, 33, 0, 30, 0, 6, 6, NULL, NULL, NULL, 8, NULL, 10, 27, 14, 4, NULL, 0, 9, NULL, NULL, NULL),
	(302, 'ISSR', NULL, 'ISPS  Renewal', NULL, 33, 0, 60, 0, 3, 0, NULL, NULL, NULL, 3, NULL, 10, 27, 23, 4, NULL, 0, 9, NULL, NULL, NULL),
	(303, 'ISST', NULL, 'ISPS Interim', NULL, 33, 0, 60, 0, 0, 0, NULL, NULL, NULL, 10, NULL, 10, 27, 28, 4, NULL, 0, 9, NULL, NULL, NULL),
	(304, 'ITMS', NULL, 'Hull Intermediate Enhanced', NULL, 2, 0, 24, 0, 3, 3, NULL, NULL, NULL, 1, NULL, 7, 22, 9, 1, NULL, 0, 1, NULL, NULL, NULL),
	(305, 'ITSS', NULL, 'Hull Intermediate (IWW )', NULL, 2, 0, 30, 0, 6, 6, NULL, NULL, NULL, 8, NULL, 2, 14, 9, 1, NULL, 0, 2, NULL, NULL, NULL),
	(306, 'ITSS', NULL, 'Hull Intermediate', NULL, 2, 0, 24, 0, 3, 3, NULL, NULL, NULL, 1, NULL, 1, 9, 9, 1, NULL, 0, 1, NULL, NULL, NULL),
	(307, 'ITSS', NULL, 'Hull Intermediate', NULL, 2, 0, 24, 0, 3, 3, NULL, NULL, NULL, 1, NULL, 3, 16, 9, 1, NULL, 0, 1, NULL, NULL, NULL),
	(308, 'ITSS', NULL, 'Hull Intermediate', NULL, 2, 0, 24, 0, 3, 3, NULL, NULL, NULL, 1, NULL, 4, 17, 9, 1, NULL, 0, 1, NULL, NULL, NULL),
	(309, 'ITSS', NULL, 'Hull Intermediate', NULL, 2, 0, 36, 0, 3, 3, NULL, NULL, NULL, 1, NULL, 5, 18, 9, 1, NULL, 0, 4, NULL, NULL, NULL),
	(310, 'ITSS', NULL, 'Hull Intermediate', NULL, 2, 0, 24, 0, 3, 3, NULL, NULL, NULL, 1, NULL, 6, 20, 9, 1, NULL, 0, 1, NULL, NULL, NULL),
	(311, 'ITSS', NULL, 'Hull Intermediate', NULL, 2, 0, 24, 0, 3, 3, NULL, NULL, NULL, 1, NULL, 7, 22, 9, 1, NULL, 0, 1, NULL, NULL, NULL),
	(312, 'ITSS', NULL, 'Hull Intermediate', NULL, 2, 0, 24, 0, 3, 3, NULL, NULL, NULL, 1, NULL, 8, 24, 9, 1, NULL, 0, 1, NULL, NULL, NULL),
	(313, 'ITSS', NULL, 'Hull Intermediate', NULL, 2, 0, 24, 0, 3, 3, NULL, NULL, NULL, 1, NULL, 9, 25, 9, 1, NULL, 0, 1, NULL, NULL, NULL),
	(314, 'ITSS', NULL, 'Hull Intermediate (Yacht)', NULL, 2, 0, 24, 0, 0, 12, NULL, NULL, NULL, 1, NULL, 9, 25, 9, 1, NULL, 0, 6, NULL, NULL, NULL),
	(315, 'IWS', NULL, 'In-Water', NULL, 2, 0, 0, 0, 0, 0, NULL, NULL, NULL, 5, NULL, 1, 9, 2, 4, NULL, 0, 1, NULL, NULL, NULL),
	(316, 'IWS', NULL, 'In-Water', NULL, 2, 0, 0, 0, 0, 0, NULL, NULL, NULL, 5, NULL, 3, 16, 10, 4, NULL, 0, 1, NULL, NULL, NULL),
	(317, 'IWS', NULL, 'In-Water', NULL, 2, 0, 0, 0, 0, 0, NULL, NULL, NULL, 5, NULL, 4, 17, 2, 4, NULL, 0, 1, NULL, NULL, NULL),
	(318, 'IWS', NULL, 'In-Water', NULL, 2, 0, 0, 0, 0, 0, NULL, NULL, NULL, 5, NULL, 5, 18, 2, 4, NULL, 0, 1, NULL, NULL, NULL),
	(319, 'IWS', NULL, 'In-Water', NULL, 2, 0, 0, 0, 0, 0, NULL, NULL, NULL, 5, NULL, 7, 22, 2, 4, NULL, 0, 1, NULL, NULL, NULL),
	(320, 'IWS', NULL, 'In-Water', NULL, 2, 0, 0, 0, 0, 0, NULL, NULL, NULL, 5, NULL, 9, 25, 2, 4, NULL, 0, 1, NULL, NULL, NULL),
	(321, 'LAAC', NULL, 'Annual Certification', NULL, 34, 0, 12, 0, 0, 0, NULL, NULL, NULL, 4, NULL, 10, 53, 19, 4, NULL, 0, 7, NULL, NULL, NULL),
	(322, 'LAAS', NULL, 'Annual Classification', NULL, 10, 0, 12, 0, 0, 0, NULL, NULL, NULL, 4, NULL, 2, 1, 12, 4, NULL, 0, 1, NULL, NULL, NULL),
	(323, 'LAAS', NULL, 'Annual Classification', NULL, 10, 0, 12, 0, 0, 0, NULL, NULL, NULL, 4, NULL, 3, 1, 12, 4, NULL, 0, 1, NULL, NULL, NULL),
	(324, 'LAAS', NULL, 'Annual Classification', NULL, 10, 0, 12, 0, 0, 0, NULL, NULL, NULL, 4, NULL, 5, 1, 12, 4, NULL, 0, 1, NULL, NULL, NULL),
	(325, 'LAAS', NULL, 'Annual Classification', NULL, 10, 0, 12, 0, 0, 0, NULL, NULL, NULL, 4, NULL, 7, 1, 12, 4, NULL, 0, 1, NULL, NULL, NULL),
	(326, 'LAAS', NULL, 'Annual Classification', NULL, 10, 0, 12, 0, 0, 0, NULL, NULL, NULL, 4, NULL, 9, 1, 12, 4, NULL, 0, 1, NULL, NULL, NULL),
	(327, 'LAIL', NULL, 'Lifting Appliances Initial', NULL, 34, 0, 0, 0, 0, 0, NULL, NULL, NULL, 7, NULL, 10, 53, 1, 4, NULL, 0, 7, NULL, NULL, NULL),
	(328, 'LAQC', NULL, 'Quadrennial Certification', NULL, 34, 0, 48, 0, 0, 0, NULL, NULL, NULL, 3, NULL, 10, 53, 21, 4, NULL, 0, 7, NULL, NULL, NULL),
	(329, 'LAQS', NULL, 'Quadrennial Classification', NULL, 10, 0, 48, 0, 0, 0, NULL, NULL, NULL, 3, NULL, 2, 1, 13, 4, NULL, 0, 1, NULL, NULL, NULL),
	(330, 'LAQS', NULL, 'Quadrennial Classification', NULL, 10, 0, 48, 0, 0, 0, NULL, NULL, NULL, 3, NULL, 3, 1, 13, 4, NULL, 0, 1, NULL, NULL, NULL),
	(331, 'LAQS', NULL, 'Quadrennial Classification', NULL, 10, 0, 48, 0, 0, 0, NULL, NULL, NULL, 3, NULL, 5, 1, 13, 4, NULL, 0, 1, NULL, NULL, NULL),
	(332, 'LAQS', NULL, 'Quadrennial Classification', NULL, 10, 0, 48, 0, 0, 0, NULL, NULL, NULL, 3, NULL, 7, 1, 13, 4, NULL, 0, 1, NULL, NULL, NULL),
	(333, 'LAQS', NULL, 'Quadrennial Classification', NULL, 10, 0, 48, 0, 0, 0, NULL, NULL, NULL, 3, NULL, 9, 1, 13, 4, NULL, 0, 1, NULL, NULL, NULL),
	(334, 'LDAM', NULL, 'Lifting Appliance Damage', NULL, 10, 0, 0, 0, 0, 0, NULL, NULL, NULL, 6, NULL, 1, 1, 2, 4, NULL, 0, 1, NULL, NULL, NULL),
	(335, 'LDAM', NULL, 'Lifting Appliance Damage', NULL, 10, 0, 0, 0, 0, 0, NULL, NULL, NULL, 6, NULL, 2, 1, 2, 4, NULL, 0, 1, NULL, NULL, NULL),
	(336, 'LDAM', NULL, 'Lifting Appliance Damage', NULL, 10, 0, 0, 0, 0, 0, NULL, NULL, NULL, 6, NULL, 3, 1, 2, 4, NULL, 0, 1, NULL, NULL, NULL),
	(337, 'LDAM', NULL, 'Lifting Appliance Damage', NULL, 10, 0, 0, 0, 0, 0, NULL, NULL, NULL, 6, NULL, 5, 1, 2, 4, NULL, 0, 1, NULL, NULL, NULL),
	(338, 'LDAM', NULL, 'Lifting Appliance Damage', NULL, 10, 0, 0, 0, 0, 0, NULL, NULL, NULL, 6, NULL, 7, 1, 2, 4, NULL, 0, 1, NULL, NULL, NULL),
	(339, 'LDAM', NULL, 'Lifting Appliance Damage', NULL, 10, 0, 0, 0, 0, 0, NULL, NULL, NULL, 6, NULL, 9, 1, 2, 4, NULL, 0, 1, NULL, NULL, NULL),
	(340, 'LIFT', NULL, 'Lifting Appliance Misc.', NULL, 10, 0, 0, 0, 0, 0, NULL, NULL, NULL, 6, NULL, 1, 1, 2, 4, NULL, 0, 1, NULL, NULL, NULL),
	(341, 'LIFT', NULL, 'Lifting Appliance Misc.', NULL, 10, 0, 0, 0, 0, 0, NULL, NULL, NULL, 6, NULL, 2, 1, 2, 4, NULL, 0, 1, NULL, NULL, NULL),
	(342, 'LIFT', NULL, 'Lifting Appliance Misc.', NULL, 10, 0, 0, 0, 0, 0, NULL, NULL, NULL, 6, NULL, 3, 1, 2, 4, NULL, 0, 1, NULL, NULL, NULL),
	(343, 'LIFT', NULL, 'Lifting Appliance Misc.', NULL, 10, 0, 0, 0, 0, 0, NULL, NULL, NULL, 6, NULL, 5, 1, 2, 4, NULL, 0, 1, NULL, NULL, NULL),
	(344, 'LIFT', NULL, 'Lifting Appliance Misc.', NULL, 10, 0, 0, 0, 0, 0, NULL, NULL, NULL, 6, NULL, 7, 1, 2, 4, NULL, 0, 1, NULL, NULL, NULL),
	(345, 'LIFT', NULL, 'Lifting Appliance Misc.', NULL, 10, 0, 0, 0, 0, 0, NULL, NULL, NULL, 6, NULL, 9, 1, 2, 4, NULL, 0, 1, NULL, NULL, NULL),
	(346, 'LLM', NULL, 'Loadline Miscellaneous', NULL, 31, 0, 0, 0, 0, 0, NULL, NULL, NULL, 6, NULL, 10, 50, 2, 4, NULL, 0, 8, NULL, NULL, NULL),
	(347, 'LLM', NULL, 'Loadline Miscellaneous', NULL, 31, 0, 0, 0, 0, 0, NULL, NULL, NULL, 6, NULL, 10, 51, 2, 4, NULL, 0, 10, NULL, NULL, NULL),
	(348, 'LLM', NULL, 'Loadline Miscellaneous', NULL, 31, 0, 0, 0, 0, 0, NULL, NULL, NULL, 6, NULL, 10, 52, 2, 4, NULL, 0, 7, NULL, NULL, NULL),
	(349, 'LRPS', NULL, 'Lifting Appliance Repairs', NULL, 10, 0, 0, 0, 0, 0, NULL, NULL, NULL, 6, NULL, 1, 1, 2, 4, NULL, 0, 1, NULL, NULL, NULL),
	(350, 'LRPS', NULL, 'Lifting Appliance Repairs', NULL, 10, 0, 0, 0, 0, 0, NULL, NULL, NULL, 6, NULL, 2, 1, 2, 4, NULL, 0, 1, NULL, NULL, NULL),
	(351, 'LRPS', NULL, 'Lifting Appliance Repairs', NULL, 10, 0, 0, 0, 0, 0, NULL, NULL, NULL, 6, NULL, 3, 1, 2, 4, NULL, 0, 1, NULL, NULL, NULL),
	(352, 'LRPS', NULL, 'Lifting Appliance Repairs', NULL, 10, 0, 0, 0, 0, 0, NULL, NULL, NULL, 6, NULL, 5, 1, 2, 4, NULL, 0, 1, NULL, NULL, NULL),
	(353, 'LRPS', NULL, 'Lifting Appliance Repairs', NULL, 10, 0, 0, 0, 0, 0, NULL, NULL, NULL, 6, NULL, 7, 1, 2, 4, NULL, 0, 1, NULL, NULL, NULL),
	(354, 'LRPS', NULL, 'Lifting Appliance Repairs', NULL, 10, 0, 0, 0, 0, 0, NULL, NULL, NULL, 6, NULL, 9, 1, 2, 4, NULL, 0, 1, NULL, NULL, NULL),
	(355, 'MAA', NULL, 'MARPOL VI (Air) Annual', NULL, 35, 0, 12, 0, 3, 3, NULL, NULL, NULL, 4, NULL, 10, 63, 16, 1, NULL, 0, 8, NULL, NULL, NULL),
	(356, 'MAA', NULL, 'MARPOL VI (Air) Annual', NULL, 35, 0, 12, 0, 3, 3, NULL, NULL, NULL, 4, NULL, 10, 65, 19, 4, NULL, 0, 7, NULL, NULL, NULL),
	(357, 'MAAN', NULL, 'MARPOL VI (Air) Annual ', NULL, 35, 0, 12, 0, 3, 3, NULL, NULL, NULL, 4, NULL, 10, 64, 16, 1, NULL, 0, 10, NULL, NULL, NULL),
	(358, 'MAI', NULL, 'MARPOL VI (Air) Intermediate', NULL, 35, 0, 24, 0, 3, 3, NULL, NULL, NULL, 1, NULL, 10, 63, 18, 1, NULL, 0, 8, NULL, NULL, NULL),
	(359, 'MAI', NULL, 'MARPOL VI (Air) Intermediate', NULL, 35, 0, 24, 0, 3, 3, NULL, NULL, NULL, 1, NULL, 10, 65, 29, 4, NULL, 0, 7, NULL, NULL, NULL),
	(360, 'MAIL', NULL, 'MARPOL VI (Air) Initial', NULL, 35, 0, 0, 0, 0, 0, NULL, NULL, NULL, 7, NULL, 10, 63, 1, 1, NULL, 0, 8, NULL, NULL, NULL),
	(361, 'MAIL', NULL, 'MARPOL VI (Air) Initial', NULL, 35, 0, 0, 0, 0, 0, NULL, NULL, NULL, 7, NULL, 10, 64, 1, 1, NULL, 0, 10, NULL, NULL, NULL),
	(362, 'MAIL', NULL, 'MARPOL VI (Air) Initial', NULL, 35, 0, 0, 0, 0, 0, NULL, NULL, NULL, 7, NULL, 10, 65, 1, 4, NULL, 0, 7, NULL, NULL, NULL),
	(363, 'MAIN', NULL, 'MARPOL VI (Air) Intermediate', NULL, 35, 0, 24, 0, 3, 3, NULL, NULL, NULL, 1, NULL, 10, 64, 18, 1, NULL, 0, 10, NULL, NULL, NULL),
	(364, 'MALT', NULL, 'Machinery Alterations', NULL, 5, 0, 0, 0, 0, 0, NULL, NULL, NULL, 6, NULL, 1, 10, 2, 4, NULL, 0, 1, NULL, NULL, NULL),
	(365, 'MALT', NULL, 'Machinery Alterations', NULL, 5, 0, 0, 0, 0, 0, NULL, NULL, NULL, 6, NULL, 2, 10, 2, 4, NULL, 0, 1, NULL, NULL, NULL),
	(366, 'MALT', NULL, 'Machinery Alterations', NULL, 5, 0, 0, 0, 0, 0, NULL, NULL, NULL, 6, NULL, 3, 10, 2, 4, NULL, 0, 1, NULL, NULL, NULL),
	(367, 'MALT', NULL, 'Machinery Alterations', NULL, 5, 0, 0, 0, 0, 0, NULL, NULL, NULL, 6, NULL, 4, 10, 2, 4, NULL, 0, 1, NULL, NULL, NULL),
	(368, 'MALT', NULL, 'Machinery Alterations', NULL, 5, 0, 0, 0, 0, 0, NULL, NULL, NULL, 6, NULL, 5, 19, 2, 4, NULL, 0, 1, NULL, NULL, NULL),
	(369, 'MALT', NULL, 'Machinery Alterations', NULL, 5, 0, 0, 0, 0, 0, NULL, NULL, NULL, 6, NULL, 6, 10, 2, 4, NULL, 0, 1, NULL, NULL, NULL),
	(370, 'MALT', NULL, 'Machinery Alterations', NULL, 5, 0, 0, 0, 0, 0, NULL, NULL, NULL, 6, NULL, 7, 10, 2, 4, NULL, 0, 1, NULL, NULL, NULL),
	(371, 'MALT', NULL, 'Machinery Alterations', NULL, 5, 0, 0, 0, 0, 0, NULL, NULL, NULL, 6, NULL, 8, 10, 2, 4, NULL, 0, 1, NULL, NULL, NULL),
	(372, 'MALT', NULL, 'Machinery Alterations', NULL, 5, 0, 0, 0, 0, 0, NULL, NULL, NULL, 6, NULL, 9, 10, 2, 4, NULL, 0, 1, NULL, NULL, NULL),
	(373, 'MAM', NULL, 'MARPOL VI (Air) Misc.', NULL, 35, 0, 0, 0, 0, 0, NULL, NULL, NULL, 6, NULL, 10, 63, 2, 4, NULL, 0, 8, NULL, NULL, NULL),
	(374, 'MAM', NULL, 'MARPOL VI (Air) Misc.', NULL, 35, 0, 0, 0, 0, 0, NULL, NULL, NULL, 6, NULL, 10, 64, 2, 4, NULL, 0, 10, NULL, NULL, NULL),
	(375, 'MAM', NULL, 'MARPOL VI (Air) Misc.', NULL, 35, 0, 0, 0, 0, 0, NULL, NULL, NULL, 6, NULL, 10, 65, 2, 4, NULL, 0, 7, NULL, NULL, NULL),
	(376, 'MAR', NULL, 'MARPOL VI (Air) Renewal', NULL, 35, 0, 60, 0, 3, 0, NULL, NULL, NULL, 3, NULL, 10, 63, 17, 1, NULL, 0, 8, NULL, NULL, NULL),
	(377, 'MAR', NULL, 'MARPOL VI (Air) Renewal', NULL, 35, 0, 60, 0, 3, 0, NULL, NULL, NULL, 3, NULL, 10, 64, 17, 1, NULL, 0, 10, NULL, NULL, NULL),
	(378, 'MAR', NULL, 'MARPOL VI (Air) Renewal', NULL, 35, 0, 60, 0, 0, 0, NULL, NULL, NULL, 3, NULL, 10, 65, 21, 4, NULL, 0, 7, NULL, NULL, NULL),
	(379, 'MCAS', NULL, 'MARPOL Cond. Assessment', NULL, 36, 0, 0, 0, 0, 0, NULL, NULL, NULL, 3, NULL, 10, 54, 21, 4, NULL, 0, 7, NULL, NULL, NULL),
	(380, 'MCHY', NULL, 'Machinery - Other Surveys', NULL, 5, 0, 0, 0, 0, 0, NULL, NULL, NULL, 6, NULL, 1, 10, 2, 4, NULL, 0, 1, NULL, NULL, NULL),
	(381, 'MCHY', NULL, 'Machinery - Other Surveys', NULL, 5, 0, 0, 0, 0, 0, NULL, NULL, NULL, 6, NULL, 2, 10, 2, 4, NULL, 0, 1, NULL, NULL, NULL),
	(382, 'MCHY', NULL, 'Machinery - Other Surveys', NULL, 5, 0, 0, 0, 0, 0, NULL, NULL, NULL, 6, NULL, 3, 10, 2, 4, NULL, 0, 1, NULL, NULL, NULL),
	(383, 'MCHY', NULL, 'Machinery - Other Surveys', NULL, 5, 0, 0, 0, 0, 0, NULL, NULL, NULL, 6, NULL, 4, 10, 2, 4, NULL, 0, 1, NULL, NULL, NULL),
	(384, 'MCHY', NULL, 'Machinery - Other Surveys', NULL, 5, 0, 0, 0, 0, 0, NULL, NULL, NULL, 6, NULL, 5, 19, 2, 4, NULL, 0, 1, NULL, NULL, NULL),
	(385, 'MCHY', NULL, 'Machinery - Other Surveys', NULL, 5, 0, 0, 0, 0, 0, NULL, NULL, NULL, 6, NULL, 6, 10, 2, 4, NULL, 0, 1, NULL, NULL, NULL),
	(386, 'MCHY', NULL, 'Machinery - Other Surveys', NULL, 5, 0, 0, 0, 0, 0, NULL, NULL, NULL, 6, NULL, 7, 10, 2, 4, NULL, 0, 1, NULL, NULL, NULL),
	(387, 'MCHY', NULL, 'Machinery - Other Surveys', NULL, 5, 0, 0, 0, 0, 0, NULL, NULL, NULL, 6, NULL, 8, 10, 2, 4, NULL, 0, 1, NULL, NULL, NULL),
	(388, 'MCHY', NULL, 'Machinery - Other Surveys', NULL, 5, 0, 0, 0, 0, 0, NULL, NULL, NULL, 6, NULL, 9, 10, 2, 4, NULL, 0, 1, NULL, NULL, NULL),
	(389, 'MDAM', NULL, 'Machinery Damage', NULL, 5, 0, 0, 0, 0, 0, NULL, NULL, NULL, 6, NULL, 1, 10, 2, 4, NULL, 0, 1, NULL, NULL, NULL),
	(390, 'MDAM', NULL, 'Machinery Damage', NULL, 5, 0, 0, 0, 0, 0, NULL, NULL, NULL, 6, NULL, 2, 10, 2, 4, NULL, 0, 1, NULL, NULL, NULL),
	(391, 'MDAM', NULL, 'Machinery Damage', NULL, 5, 0, 0, 0, 0, 0, NULL, NULL, NULL, 6, NULL, 3, 10, 2, 4, NULL, 0, 1, NULL, NULL, NULL),
	(392, 'MDAM', NULL, 'Machinery Damage', NULL, 5, 0, 0, 0, 0, 0, NULL, NULL, NULL, 6, NULL, 4, 10, 2, 4, NULL, 0, 1, NULL, NULL, NULL),
	(393, 'MDAM', NULL, 'Machinery Damage', NULL, 5, 0, 0, 0, 0, 0, NULL, NULL, NULL, 6, NULL, 5, 19, 2, 4, NULL, 0, 1, NULL, NULL, NULL),
	(394, 'MDAM', NULL, 'Machinery Damage', NULL, 5, 0, 0, 0, 0, 0, NULL, NULL, NULL, 6, NULL, 6, 10, 2, 4, NULL, 0, 1, NULL, NULL, NULL),
	(395, 'MDAM', NULL, 'Machinery Damage', NULL, 5, 0, 0, 0, 0, 0, NULL, NULL, NULL, 6, NULL, 7, 10, 2, 4, NULL, 0, 1, NULL, NULL, NULL),
	(396, 'MDAM', NULL, 'Machinery Damage', NULL, 5, 0, 0, 0, 0, 0, NULL, NULL, NULL, 6, NULL, 8, 10, 2, 4, NULL, 0, 1, NULL, NULL, NULL),
	(397, 'MDAM', NULL, 'Machinery Damage', NULL, 5, 0, 0, 0, 0, 0, NULL, NULL, NULL, 6, NULL, 9, 10, 2, 4, NULL, 0, 1, NULL, NULL, NULL),
	(398, 'MGIL', NULL, 'MARPOL V (Garbage) Initial', NULL, 37, 0, 0, 0, 0, 0, NULL, NULL, NULL, 7, NULL, 10, 7, 1, 1, NULL, 0, 8, NULL, NULL, NULL),
	(399, 'MGIL', NULL, 'MARPOL V (Garbage) Initial', NULL, 37, 0, 0, 0, 0, 0, NULL, NULL, NULL, 7, NULL, 10, 8, 1, 4, NULL, 0, 7, NULL, NULL, NULL),
	(400, 'MGM', NULL, 'MARPOL V (Garbage) Misc.', NULL, 37, 0, 0, 0, 0, 0, NULL, NULL, NULL, 6, NULL, 10, 7, 2, 4, NULL, 0, 8, NULL, NULL, NULL),
	(401, 'MGM', NULL, 'MARPOL V (Garbage) Misc.', NULL, 37, 0, 0, 0, 0, 0, NULL, NULL, NULL, 6, NULL, 10, 8, 2, 4, NULL, 0, 7, NULL, NULL, NULL),
	(402, 'MLCA', NULL, 'MLC Additional', NULL, 38, 0, 0, 0, 0, 0, NULL, NULL, NULL, 11, NULL, 10, 28, 3, 4, NULL, 0, 9, NULL, NULL, NULL),
	(403, 'MLCI', NULL, 'MLC Initial', NULL, 38, 0, 6, 0, 6, 0, NULL, NULL, NULL, 7, NULL, 10, 28, 24, 4, NULL, 0, 9, NULL, NULL, NULL),
	(404, 'MLCM', NULL, 'MLC Miscellaneous', NULL, 38, 0, 0, 0, 0, 0, NULL, NULL, NULL, 6, NULL, 10, 28, 2, 4, NULL, 0, 9, NULL, NULL, NULL),
	(405, 'MLCP', NULL, 'MLC Intermediate', NULL, 38, 0, 24, 0, 0, 12, NULL, NULL, NULL, 1, NULL, 10, 28, 14, 4, NULL, 0, 9, NULL, NULL, NULL),
	(406, 'MLCR', NULL, 'MLC Renewal', NULL, 38, 0, 60, 0, 0, 0, NULL, NULL, NULL, 3, NULL, 10, 28, 23, 4, NULL, 0, 9, NULL, NULL, NULL),
	(407, 'MLCT', NULL, 'MLC Interim', NULL, 38, 0, 6, 0, 0, 0, NULL, NULL, NULL, 10, NULL, 10, 28, 28, 4, NULL, 0, 9, NULL, NULL, NULL),
	(408, 'MNA', NULL, 'MARPOL II (Noxious Subs) Annual', NULL, 39, 0, 12, 0, 3, 3, NULL, NULL, NULL, 4, NULL, 10, 58, 16, 1, NULL, 0, 8, NULL, NULL, NULL),
	(409, 'MNA', NULL, 'MARPOL II (Noxious Subs) Annual', NULL, 39, 0, 12, 0, 3, 3, NULL, NULL, NULL, 4, NULL, 10, 59, 20, 2, NULL, 0, 7, NULL, NULL, NULL),
	(410, 'MNI', NULL, 'MARPOL II (Noxious Subs) Intermd.', NULL, 39, 0, 24, 0, 3, 3, NULL, NULL, NULL, 1, NULL, 10, 58, 18, 1, NULL, 0, 8, NULL, NULL, NULL),
	(411, 'MNI', NULL, 'MARPOL II (Noxious Subs) Intermd.', NULL, 39, 0, 24, 0, 3, 3, NULL, NULL, NULL, 1, NULL, 10, 59, 30, 2, NULL, 0, 7, NULL, NULL, NULL),
	(412, 'MNIL', NULL, 'MARPOL II (Noxious Subs) Initial', NULL, 39, 0, 0, 0, 0, 0, NULL, NULL, NULL, 7, NULL, 10, 58, 1, 1, NULL, 0, 8, NULL, NULL, NULL),
	(413, 'MNIL', NULL, 'MARPOL II (Noxious Subs) Initial', NULL, 39, 0, 0, 0, 0, 0, NULL, NULL, NULL, 7, NULL, 10, 59, 1, 2, NULL, 0, 7, NULL, NULL, NULL),
	(414, 'MNM', NULL, 'MARPOL II (Noxious Subs) Misc.', NULL, 39, 0, 0, 0, 0, 0, NULL, NULL, NULL, 6, NULL, 10, 58, 2, 4, NULL, 0, 8, NULL, NULL, NULL),
	(415, 'MNM', NULL, 'MARPOL II (Noxious Subs) Misc.', NULL, 39, 0, 0, 0, 0, 0, NULL, NULL, NULL, 6, NULL, 10, 59, 2, 4, NULL, 0, 7, NULL, NULL, NULL),
	(416, 'MNR', NULL, 'MARPOL II (Noxious Subs) Renewal', NULL, 39, 0, 60, 0, 3, 0, NULL, NULL, NULL, 3, NULL, 10, 58, 17, 1, NULL, 0, 8, NULL, NULL, NULL),
	(417, 'MNR', NULL, 'MARPOL II (Noxious Subs) Renewal', NULL, 39, 0, 60, 0, 3, 0, NULL, NULL, NULL, 3, NULL, 10, 59, 22, 2, NULL, 0, 7, NULL, NULL, NULL),
	(418, 'MOA', NULL, 'MARPOL I (Oil) Annual', NULL, 40, 0, 12, 0, 3, 3, NULL, NULL, NULL, 4, NULL, 10, 55, 16, 1, NULL, 0, 8, NULL, NULL, NULL),
	(419, 'MOA', NULL, 'MARPOL I (Oil) Annual', NULL, 40, 0, 12, 0, 3, 3, NULL, NULL, NULL, 4, NULL, 10, 56, 16, 1, NULL, 0, 10, NULL, NULL, NULL),
	(420, 'MOA', NULL, 'MARPOL I (Oil) Annual', NULL, 40, 0, 12, 0, 3, 3, NULL, NULL, NULL, 4, NULL, 10, 57, 19, 4, NULL, 0, 7, NULL, NULL, NULL),
	(421, 'MOI', NULL, 'MARPOL I (Oil) Intermediate', NULL, 40, 0, 24, 0, 3, 3, NULL, NULL, NULL, 1, NULL, 10, 55, 18, 1, NULL, 0, 8, NULL, NULL, NULL),
	(422, 'MOI', NULL, 'MARPOL I (Oil) Intermediate', NULL, 40, 0, 24, 0, 3, 3, NULL, NULL, NULL, 1, NULL, 10, 56, 18, 1, NULL, 0, 10, NULL, NULL, NULL),
	(423, 'MOI', NULL, 'MARPOL I (Oil) Intermediate', NULL, 40, 0, 24, 0, 3, 3, NULL, NULL, NULL, 1, NULL, 10, 57, 29, 4, NULL, 0, 7, NULL, NULL, NULL),
	(424, 'MOIL', NULL, 'MARPOL I (Oil) Initial', NULL, 40, 0, 0, 0, 0, 0, NULL, NULL, NULL, 7, NULL, 10, 55, 1, 1, NULL, 0, 8, NULL, NULL, NULL),
	(425, 'MOIL', NULL, 'MARPOL I (Oil) Initial', NULL, 40, 0, 0, 0, 0, 0, NULL, NULL, NULL, 7, NULL, 10, 56, 1, 1, NULL, 0, 10, NULL, NULL, NULL),
	(426, 'MOIL', NULL, 'MARPOL I (Oil) Initial', NULL, 40, 0, 0, 0, 0, 0, NULL, NULL, NULL, 7, NULL, 10, 57, 1, 4, NULL, 0, 7, NULL, NULL, NULL),
	(427, 'MOR', NULL, 'MARPOL I (Oil) Renewal', NULL, 40, 0, 60, 0, 3, 0, NULL, NULL, NULL, 3, NULL, 10, 55, 17, 1, NULL, 0, 8, NULL, NULL, NULL),
	(428, 'MOR', NULL, 'MARPOL I (Oil) Renewal', NULL, 40, 0, 60, 0, 3, 0, NULL, NULL, NULL, 3, NULL, 10, 56, 17, 1, NULL, 0, 10, NULL, NULL, NULL),
	(429, 'MOR', NULL, 'MARPOL I (Oil) Renewal', NULL, 40, 0, 60, 0, 0, 0, NULL, NULL, NULL, 3, NULL, 10, 57, 21, 4, NULL, 0, 7, NULL, NULL, NULL),
	(430, 'MOUA', NULL, 'MODU Annual', NULL, 41, 0, 12, 0, 3, 3, NULL, NULL, NULL, 4, NULL, 10, 36, 16, 1, NULL, 0, 8, NULL, NULL, NULL),
	(431, 'MOUA', NULL, 'MODU Annual', NULL, 41, 0, 12, 0, 3, 3, NULL, NULL, NULL, 4, NULL, 10, 37, 20, 2, NULL, 0, 7, NULL, NULL, NULL),
	(432, 'MOUI', NULL, 'MODU Intermediate', NULL, 41, 0, 24, 0, 3, 3, NULL, NULL, NULL, 1, NULL, 10, 36, 18, 1, NULL, 0, 8, NULL, NULL, NULL),
	(433, 'MOUI', NULL, 'MODU Intermediate', NULL, 41, 0, 24, 0, 3, 3, NULL, NULL, NULL, 1, NULL, 10, 37, 30, 2, NULL, 0, 7, NULL, NULL, NULL),
	(434, 'MOUL', NULL, 'MODU Initial', NULL, 41, 0, 0, 0, 0, 0, NULL, NULL, NULL, 7, NULL, 10, 36, 1, 1, NULL, 0, 8, NULL, NULL, NULL),
	(435, 'MOUL', NULL, 'MODU Initial', NULL, 41, 0, 0, 0, 0, 0, NULL, NULL, NULL, 7, NULL, 10, 37, 1, 2, NULL, 0, 7, NULL, NULL, NULL),
	(436, 'MOUM', NULL, 'MODU Misc.', NULL, 41, 0, 0, 0, 0, 0, NULL, NULL, NULL, 6, NULL, 10, 36, 2, 4, NULL, 0, 8, NULL, NULL, NULL),
	(437, 'MOUM', NULL, 'MODU Misc.', NULL, 41, 0, 0, 0, 0, 0, NULL, NULL, NULL, 6, NULL, 10, 37, 2, 4, NULL, 0, 7, NULL, NULL, NULL),
	(438, 'MOUR', NULL, 'MODU Renewal', NULL, 41, 0, 60, 0, 3, 0, NULL, NULL, NULL, 3, NULL, 10, 36, 17, 1, NULL, 0, 8, NULL, NULL, NULL),
	(439, 'MOUR', NULL, 'MODU Renewal', NULL, 41, 0, 60, 0, 3, 0, NULL, NULL, NULL, 3, NULL, 10, 37, 22, 2, NULL, 0, 7, NULL, NULL, NULL),
	(440, 'MRPS', NULL, 'Machinery Repairs', NULL, 5, 0, 0, 0, 0, 0, NULL, NULL, NULL, 6, NULL, 1, 10, 2, 4, NULL, 0, 1, NULL, NULL, NULL),
	(441, 'MRPS', NULL, 'Machinery Repairs', NULL, 5, 0, 0, 0, 0, 0, NULL, NULL, NULL, 6, NULL, 2, 10, 2, 4, NULL, 0, 1, NULL, NULL, NULL),
	(442, 'MRPS', NULL, 'Machinery Repairs', NULL, 5, 0, 0, 0, 0, 0, NULL, NULL, NULL, 6, NULL, 3, 10, 2, 4, NULL, 0, 1, NULL, NULL, NULL),
	(443, 'MRPS', NULL, 'Machinery Repairs', NULL, 5, 0, 0, 0, 0, 0, NULL, NULL, NULL, 6, NULL, 4, 10, 2, 4, NULL, 0, 1, NULL, NULL, NULL),
	(444, 'MRPS', NULL, 'Machinery Repairs', NULL, 5, 0, 0, 0, 0, 0, NULL, NULL, NULL, 6, NULL, 5, 19, 2, 4, NULL, 0, 1, NULL, NULL, NULL),
	(445, 'MRPS', NULL, 'Machinery Repairs', NULL, 5, 0, 0, 0, 0, 0, NULL, NULL, NULL, 6, NULL, 6, 10, 2, 4, NULL, 0, 1, NULL, NULL, NULL),
	(446, 'MRPS', NULL, 'Machinery Repairs', NULL, 5, 0, 0, 0, 0, 0, NULL, NULL, NULL, 6, NULL, 7, 10, 2, 4, NULL, 0, 1, NULL, NULL, NULL),
	(447, 'MRPS', NULL, 'Machinery Repairs', NULL, 5, 0, 0, 0, 0, 0, NULL, NULL, NULL, 6, NULL, 8, 10, 2, 4, NULL, 0, 1, NULL, NULL, NULL),
	(448, 'MRPS', NULL, 'Machinery Repairs', NULL, 5, 0, 0, 0, 0, 0, NULL, NULL, NULL, 6, NULL, 9, 10, 2, 4, NULL, 0, 1, NULL, NULL, NULL),
	(449, 'MSIL', NULL, 'MARPOL IV (Sewage) Initial', NULL, 42, 0, 0, 0, 0, 0, NULL, NULL, NULL, 7, NULL, 10, 60, 1, 1, NULL, 0, 8, NULL, NULL, NULL),
	(450, 'MSIL', NULL, 'MARPOL IV (Sewage) Initial', NULL, 42, 0, 0, 0, 0, 0, NULL, NULL, NULL, 7, NULL, 10, 61, 1, 1, NULL, 0, 10, NULL, NULL, NULL),
	(451, 'MSIL', NULL, 'MARPOL IV (Sewage) Initial', NULL, 42, 0, 0, 0, 0, 0, NULL, NULL, NULL, 7, NULL, 10, 62, 1, 4, NULL, 0, 7, NULL, NULL, NULL),
	(452, 'MSM', NULL, 'MARPOL IV (Sewage) Misc.', NULL, 42, 0, 0, 0, 0, 0, NULL, NULL, NULL, 6, NULL, 10, 60, 2, 4, NULL, 0, 8, NULL, NULL, NULL),
	(453, 'MSM', NULL, 'MARPOL IV (Sewage) Misc.', NULL, 42, 0, 0, 0, 0, 0, NULL, NULL, NULL, 6, NULL, 10, 61, 2, 4, NULL, 0, 10, NULL, NULL, NULL),
	(454, 'MSM', NULL, 'MARPOL IV (Sewage) Misc.', NULL, 42, 0, 0, 0, 0, 0, NULL, NULL, NULL, 6, NULL, 10, 62, 2, 4, NULL, 0, 7, NULL, NULL, NULL),
	(455, 'MSR', NULL, 'MARPOL IV (Sewage) Renewal', NULL, 42, 0, 60, 0, 3, 0, NULL, NULL, NULL, 3, NULL, 10, 60, 17, 1, NULL, 0, 8, NULL, NULL, NULL),
	(456, 'MSR', NULL, 'MARPOL IV (Sewage) Renewal', NULL, 42, 0, 60, 0, 3, 0, NULL, NULL, NULL, 3, NULL, 10, 61, 17, 1, NULL, 0, 10, NULL, NULL, NULL),
	(457, 'MSR', NULL, 'MARPOL IV (Sewage) Renewal', NULL, 42, 0, 60, 0, 0, 0, NULL, NULL, NULL, 3, NULL, 10, 62, 21, 4, NULL, 0, 7, NULL, NULL, NULL),
	(458, 'NCPM', NULL, 'ADNR Misc.', NULL, 43, 0, 0, 0, 0, 0, NULL, NULL, NULL, 6, NULL, 10, 49, 2, 4, NULL, 0, 7, NULL, NULL, NULL),
	(459, 'NCPP', NULL, 'ADNR Periodical', NULL, 43, 0, 30, 0, 0, 0, NULL, NULL, NULL, 1, NULL, 10, 49, 29, 4, NULL, 0, 7, NULL, NULL, NULL),
	(460, 'NCPR', NULL, 'ADNR Renewal', NULL, 43, 0, 60, 0, 0, 0, NULL, NULL, NULL, 3, NULL, 10, 49, 21, 4, NULL, 0, 7, NULL, NULL, NULL),
	(461, 'OIWS', NULL, 'OIWS In-Water', NULL, 2, 0, 36, 0, 0, 0, NULL, NULL, NULL, 5, NULL, 6, 20, 4, 4, NULL, 0, 1, NULL, NULL, NULL),
	(462, 'OIWS', NULL, 'OIWS In-Water', NULL, 2, 0, 36, 0, 0, 0, NULL, NULL, NULL, 5, NULL, 7, 22, 4, 4, NULL, 0, 1, NULL, NULL, NULL),
	(463, 'PASM', NULL, 'Passenger Ship Miscellaneous', NULL, 44, 0, 0, 0, 0, 0, NULL, NULL, NULL, 6, NULL, 10, 83, 2, 4, NULL, 0, 8, NULL, NULL, NULL),
	(464, 'PASM', NULL, 'Passenger Ship Miscellaneous', NULL, 44, 0, 0, 0, 0, 0, NULL, NULL, NULL, 6, NULL, 10, 84, 2, 4, NULL, 0, 7, NULL, NULL, NULL),
	(465, 'PASS', NULL, 'Passenger Ship Safety', NULL, 44, 0, 12, 0, 3, 0, NULL, NULL, NULL, 3, NULL, 10, 83, 27, 1, NULL, 0, 8, NULL, NULL, NULL),
	(466, 'PASS', NULL, 'Passenger Ship Safety', NULL, 44, 0, 12, 0, 0, 0, NULL, NULL, NULL, 3, NULL, 10, 84, 21, 4, NULL, 0, 7, NULL, NULL, NULL),
	(467, 'PDR', NULL, 'Passenger Dangerous Goods Renewal', NULL, 45, 0, 12, 0, 3, 0, NULL, NULL, NULL, 3, NULL, 10, 80, 27, 1, NULL, 0, 8, NULL, NULL, NULL),
	(468, 'PDR', NULL, 'Passenger Dangerous Goods Renewal', NULL, 45, 0, 12, 0, 0, 0, NULL, NULL, NULL, 3, NULL, 10, 81, 21, 4, NULL, 0, 7, NULL, NULL, NULL),
	(469, 'PLI', NULL, 'Load Line Inspection', NULL, 31, 0, 12, 0, 3, 3, NULL, NULL, NULL, 4, NULL, 10, 50, 16, 1, NULL, 0, 8, NULL, NULL, NULL),
	(470, 'PLI', NULL, 'Load Line Inspection', NULL, 31, 0, 12, 0, 3, 3, NULL, NULL, NULL, 4, NULL, 10, 51, 16, 1, NULL, 0, 10, NULL, NULL, NULL),
	(471, 'PLI', NULL, 'Load Line Inspection', NULL, 31, 0, 12, 0, 3, 3, NULL, NULL, NULL, 4, NULL, 10, 52, 20, 2, NULL, 0, 7, NULL, NULL, NULL),
	(472, 'PLR', NULL, 'Load Line Renewal', NULL, 31, 0, 60, 0, 3, 0, NULL, NULL, NULL, 3, NULL, 10, 50, 17, 1, NULL, 0, 8, NULL, NULL, NULL),
	(473, 'PLR', NULL, 'Load Line Renewal', NULL, 31, 0, 60, 0, 3, 0, NULL, NULL, NULL, 3, NULL, 10, 51, 17, 1, NULL, 0, 10, NULL, NULL, NULL),
	(474, 'PLR', NULL, 'Load Line Renewal', NULL, 31, 0, 60, 0, 3, 0, NULL, NULL, NULL, 3, NULL, 10, 52, 22, 2, NULL, 0, 7, NULL, NULL, NULL),
	(475, 'PLWT', NULL, 'Passenger Ship Lightweight Renewal', NULL, 46, 0, 60, 0, 0, 0, NULL, NULL, NULL, 3, NULL, 10, 82, 21, 4, NULL, 0, 7, NULL, NULL, NULL),
	(476, 'POLM', NULL, 'Pollution Miscellaneous', NULL, 40, 0, 0, 0, 0, 0, NULL, NULL, NULL, 6, NULL, 10, 55, 2, 4, NULL, 0, 8, NULL, NULL, NULL),
	(477, 'POLM', NULL, 'Pollution Miscellaneous', NULL, 40, 0, 0, 0, 0, 0, NULL, NULL, NULL, 6, NULL, 10, 56, 2, 4, NULL, 0, 10, NULL, NULL, NULL),
	(478, 'POLM', NULL, 'Pollution Miscellaneous', NULL, 40, 0, 0, 0, 0, 0, NULL, NULL, NULL, 6, NULL, 10, 57, 2, 4, NULL, 0, 7, NULL, NULL, NULL),
	(479, 'PSCM', NULL, 'Port State Control Misc.', NULL, 47, 0, 0, 0, 0, 0, NULL, NULL, NULL, 6, NULL, 1, 2, 2, 4, NULL, 0, 1, NULL, NULL, NULL),
	(480, 'PSCM', NULL, 'Port State Control Misc.', NULL, 47, 0, 0, 0, 0, 0, NULL, NULL, NULL, 6, NULL, 2, 2, 2, 4, NULL, 0, 1, NULL, NULL, NULL),
	(481, 'PSCM', NULL, 'Port State Control Misc.', NULL, 47, 0, 0, 0, 0, 0, NULL, NULL, NULL, 6, NULL, 3, 2, 2, 4, NULL, 0, 1, NULL, NULL, NULL),
	(482, 'PSCM', NULL, 'Port State Control Misc.', NULL, 47, 0, 0, 0, 0, 0, NULL, NULL, NULL, 6, NULL, 4, 2, 2, 4, NULL, 0, 1, NULL, NULL, NULL),
	(483, 'PSCM', NULL, 'Port State Control Misc.', NULL, 47, 0, 0, 0, 0, 0, NULL, NULL, NULL, 6, NULL, 5, 2, 2, 4, NULL, 0, 1, NULL, NULL, NULL),
	(484, 'PSCM', NULL, 'Port State Control Misc.', NULL, 47, 0, 0, 0, 0, 0, NULL, NULL, NULL, 6, NULL, 6, 2, 2, 4, NULL, 0, 1, NULL, NULL, NULL),
	(485, 'PSCM', NULL, 'Port State Control Misc.', NULL, 47, 0, 0, 0, 0, 0, NULL, NULL, NULL, 6, NULL, 7, 2, 2, 4, NULL, 0, 1, NULL, NULL, NULL),
	(486, 'PSCM', NULL, 'Port State Control Misc.', NULL, 47, 0, 0, 0, 0, 0, NULL, NULL, NULL, 6, NULL, 8, 2, 2, 4, NULL, 0, 1, NULL, NULL, NULL),
	(487, 'PSCM', NULL, 'Port State Control Misc.', NULL, 47, 0, 0, 0, 0, 0, NULL, NULL, NULL, 6, NULL, 9, 2, 2, 4, NULL, 0, 1, NULL, NULL, NULL),
	(488, 'PSIL', NULL, 'Passenger Ship Safety Initial', NULL, 44, 0, 12, 0, 0, 0, NULL, NULL, NULL, 7, NULL, 10, 83, 1, 1, NULL, 0, 8, NULL, NULL, NULL),
	(489, 'PSIL', NULL, 'Passenger Ship Safety Initial', NULL, 44, 0, 12, 0, 0, 0, NULL, NULL, NULL, 7, NULL, 10, 84, 1, 4, NULL, 0, 7, NULL, NULL, NULL),
	(490, 'RAS', NULL, 'Refrigeration Annual', NULL, 11, 0, 12, 0, 3, 3, NULL, NULL, NULL, 4, NULL, 7, 23, 5, 4, NULL, 0, 1, NULL, NULL, NULL),
	(491, 'RCS', NULL, 'Continuous - Refrigeration', NULL, 11, 0, 60, 0, 0, 0, NULL, NULL, NULL, 3, NULL, 7, 23, 7, 4, NULL, 0, 1, NULL, NULL, NULL),
	(492, 'RDAM', NULL, 'Refrigeration Damage', NULL, 11, 0, 0, 0, 0, 0, NULL, NULL, NULL, 6, NULL, 7, 23, 2, 4, NULL, 0, 1, NULL, NULL, NULL),
	(493, 'REF', NULL, 'Refrigeration - Other Surveys', NULL, 11, 0, 0, 0, 0, 0, NULL, NULL, NULL, 6, NULL, 7, 23, 2, 4, NULL, 0, 1, NULL, NULL, NULL),
	(494, 'RRPS', NULL, 'Refrigeration Repairs', NULL, 11, 0, 0, 0, 0, 0, NULL, NULL, NULL, 6, NULL, 7, 23, 2, 4, NULL, 0, 1, NULL, NULL, NULL),
	(495, 'RSS', NULL, 'Special - Refrigeration', NULL, 11, 0, 60, 0, 0, 0, NULL, NULL, NULL, 3, NULL, 7, 23, 7, 4, NULL, 0, 1, NULL, NULL, NULL),
	(496, 'RTI', NULL, 'Radiotel. Initial', NULL, 48, 0, 0, 0, 0, 0, NULL, NULL, NULL, 7, NULL, 10, 85, 1, 1, NULL, 0, 8, NULL, NULL, NULL),
	(497, 'RTI', NULL, 'Radiotel. Initial', NULL, 48, 0, 0, 0, 0, 0, NULL, NULL, NULL, 7, NULL, 10, 86, 1, 1, NULL, 0, 10, NULL, NULL, NULL),
	(498, 'RTI', NULL, 'Radiotel. Initial', NULL, 48, 0, 0, 0, 0, 0, NULL, NULL, NULL, 7, NULL, 10, 87, 1, 4, NULL, 0, 7, NULL, NULL, NULL),
	(499, 'RTM', NULL, 'Radiotel. Miscellaneous', NULL, 48, 0, 0, 0, 0, 0, NULL, NULL, NULL, 6, NULL, 10, 85, 2, 4, NULL, 0, 8, NULL, NULL, NULL),
	(500, 'RTM', NULL, 'Radiotel. Miscellaneous', NULL, 48, 0, 0, 0, 0, 0, NULL, NULL, NULL, 6, NULL, 10, 86, 2, 4, NULL, 0, 10, NULL, NULL, NULL),
	(501, 'RTM', NULL, 'Radiotel. Miscellaneous', NULL, 48, 0, 0, 0, 0, 0, NULL, NULL, NULL, 6, NULL, 10, 87, 2, 4, NULL, 0, 7, NULL, NULL, NULL),
	(502, 'RTP', NULL, 'Radiotel. Periodic', NULL, 48, 0, 12, 0, 3, 3, NULL, NULL, NULL, 4, NULL, 10, 85, 16, 1, NULL, 0, 8, NULL, NULL, NULL),
	(503, 'RTPN', NULL, 'Radiotelephony Periodical Non Convention', NULL, 48, 0, 12, 0, 3, 3, NULL, NULL, NULL, 4, NULL, 10, 86, 16, 1, NULL, 0, 10, NULL, NULL, NULL),
	(504, 'RTR', NULL, 'Radiotel. Renewal', NULL, 48, 0, 60, 0, 3, 0, NULL, NULL, NULL, 3, NULL, 10, 85, 17, 1, NULL, 0, 8, NULL, NULL, NULL),
	(505, 'RTR', NULL, 'Radiotel. Renewal', NULL, 48, 0, 60, 0, 3, 0, NULL, NULL, NULL, 3, NULL, 10, 86, 17, 1, NULL, 0, 10, NULL, NULL, NULL),
	(506, 'RTR', NULL, 'Radiotel. Renewal', NULL, 48, 0, 12, 0, 0, 0, NULL, NULL, NULL, 3, NULL, 10, 87, 21, 4, NULL, 0, 7, NULL, NULL, NULL),
	(507, 'SAFM', NULL, 'Safcon Miscellaneous', NULL, 49, 0, 0, 0, 0, 0, NULL, NULL, NULL, 6, NULL, 10, 88, 2, 4, NULL, 0, 8, NULL, NULL, NULL),
	(508, 'SAFM', NULL, 'Safcon Miscellaneous', NULL, 49, 0, 0, 0, 0, 0, NULL, NULL, NULL, 6, NULL, 10, 89, 2, 4, NULL, 0, 10, NULL, NULL, NULL),
	(509, 'SAFM', NULL, 'Safcon Miscellaneous', NULL, 49, 0, 0, 0, 0, 0, NULL, NULL, NULL, 6, NULL, 10, 90, 2, 4, NULL, 0, 7, NULL, NULL, NULL),
	(510, 'SCA', NULL, 'Safcon Annual', NULL, 49, 0, 12, 0, 3, 3, NULL, NULL, NULL, 4, NULL, 10, 88, 16, 1, NULL, 0, 8, NULL, NULL, NULL),
	(511, 'SCA', NULL, 'Safcon Annual', NULL, 49, 0, 12, 0, 3, 3, NULL, NULL, NULL, 4, NULL, 10, 89, 16, 1, NULL, 0, 10, NULL, NULL, NULL),
	(512, 'SCA', NULL, 'Safcon Annual', NULL, 49, 0, 12, 0, 3, 3, NULL, NULL, NULL, 4, NULL, 10, 90, 20, 2, NULL, 0, 7, NULL, NULL, NULL),
	(513, 'SCI', NULL, 'Safcon Intermediate', NULL, 49, 0, 24, 0, 3, 3, NULL, NULL, NULL, 1, NULL, 10, 88, 15, 1, NULL, 0, 8, NULL, NULL, NULL),
	(514, 'SCI', NULL, 'Safcon Intermediate', NULL, 49, 0, 24, 0, 3, 3, NULL, NULL, NULL, 1, NULL, 10, 89, 15, 1, NULL, 0, 10, NULL, NULL, NULL),
	(515, 'SCI', NULL, 'Safcon Intermediate', NULL, 49, 0, 24, 0, 3, 3, NULL, NULL, NULL, 1, NULL, 10, 90, 15, 2, NULL, 0, 7, NULL, NULL, NULL),
	(516, 'SCR', NULL, 'Safcon Renewal', NULL, 49, 0, 60, 0, 3, 0, NULL, NULL, NULL, 3, NULL, 10, 88, 17, 1, NULL, 0, 8, NULL, NULL, NULL),
	(517, 'SCR', NULL, 'Safcon Renewal', NULL, 49, 0, 60, 0, 3, 0, NULL, NULL, NULL, 3, NULL, 10, 89, 17, 1, NULL, 0, 10, NULL, NULL, NULL),
	(518, 'SCR', NULL, 'Safcon Renewal', NULL, 49, 0, 60, 0, 3, 0, NULL, NULL, NULL, 3, NULL, 10, 90, 22, 2, NULL, 0, 7, NULL, NULL, NULL),
	(519, 'SEA', NULL, 'Safety Equipment Annual', NULL, 50, 0, 12, 0, 3, 3, NULL, NULL, NULL, 4, NULL, 10, 91, 16, 1, NULL, 0, 8, NULL, NULL, NULL),
	(520, 'SEA', NULL, 'Safety Equipment Annual', NULL, 50, 0, 12, 0, 3, 3, NULL, NULL, NULL, 4, NULL, 10, 92, 16, 1, NULL, 0, 10, NULL, NULL, NULL),
	(521, 'SEA', NULL, 'Safety Equipment Annual', NULL, 50, 0, 12, 0, 3, 3, NULL, NULL, NULL, 4, NULL, 10, 93, 19, 4, NULL, 0, 7, NULL, NULL, NULL),
	(522, 'SEI', NULL, 'Safety Equipment Intermediate', NULL, 50, 0, 24, 0, 3, 3, NULL, NULL, NULL, 1, NULL, 10, 91, 18, 1, NULL, 0, 8, NULL, NULL, NULL),
	(523, 'SEI', NULL, 'Safety Equipment Intermediate', NULL, 50, 0, 24, 0, 3, 3, NULL, NULL, NULL, 1, NULL, 10, 92, 18, 1, NULL, 0, 10, NULL, NULL, NULL),
	(524, 'SEI', NULL, 'Safety Equipment Intermediate', NULL, 50, 0, 12, 0, 3, 3, NULL, NULL, NULL, 1, NULL, 10, 93, 29, 4, NULL, 0, 7, NULL, NULL, NULL),
	(525, 'SEIL', NULL, 'Safety Equipment Initial', NULL, 50, 0, 0, 0, 0, 0, NULL, NULL, NULL, 7, NULL, 10, 91, 1, 1, NULL, 0, 8, NULL, NULL, NULL),
	(526, 'SEIL', NULL, 'Safety Equipment Initial', NULL, 50, 0, 0, 0, 0, 0, NULL, NULL, NULL, 7, NULL, 10, 92, 1, 1, NULL, 0, 10, NULL, NULL, NULL),
	(527, 'SEIL', NULL, 'Safety Equipment Initial', NULL, 50, 0, 0, 0, 0, 0, NULL, NULL, NULL, 7, NULL, 10, 93, 1, 4, NULL, 0, 7, NULL, NULL, NULL),
	(528, 'SEM', NULL, 'Safety Equipment Misc.', NULL, 50, 0, 0, 0, 0, 0, NULL, NULL, NULL, 6, NULL, 10, 91, 2, 4, NULL, 0, 8, NULL, NULL, NULL),
	(529, 'SEM', NULL, 'Safety Equipment Misc.', NULL, 50, 0, 0, 0, 0, 0, NULL, NULL, NULL, 6, NULL, 10, 92, 2, 4, NULL, 0, 10, NULL, NULL, NULL),
	(530, 'SEM', NULL, 'Safety Equipment Misc.', NULL, 50, 0, 0, 0, 0, 0, NULL, NULL, NULL, 6, NULL, 10, 93, 2, 4, NULL, 0, 7, NULL, NULL, NULL),
	(531, 'SER', NULL, 'Safety Equipment Renewal', NULL, 50, 0, 60, 0, 3, 0, NULL, NULL, NULL, 3, NULL, 10, 91, 17, 1, NULL, 0, 8, NULL, NULL, NULL),
	(532, 'SER', NULL, 'Safety Equipment Renewal', NULL, 50, 0, 60, 0, 3, 0, NULL, NULL, NULL, 3, NULL, 10, 92, 17, 1, NULL, 0, 10, NULL, NULL, NULL),
	(533, 'SER', NULL, 'Safety Equipment Renewal', NULL, 50, 0, 24, 0, 0, 0, NULL, NULL, NULL, 3, NULL, 10, 93, 21, 4, NULL, 0, 7, NULL, NULL, NULL),
	(534, 'SGS', NULL, 'Steam Generator', NULL, 5, 0, 36, 0, 0, 0, NULL, NULL, NULL, 9, NULL, 2, 15, 4, 4, NULL, 0, 1, NULL, NULL, NULL),
	(535, 'SGS', NULL, 'Steam Generator', NULL, 5, 0, 36, 0, 0, 0, NULL, NULL, NULL, 9, NULL, 3, 15, 4, 4, NULL, 0, 1, NULL, NULL, NULL),
	(536, 'SGS', NULL, 'Steam Generator', NULL, 5, 0, 36, 0, 0, 0, NULL, NULL, NULL, 9, NULL, 5, 15, 4, 4, NULL, 0, 1, NULL, NULL, NULL),
	(537, 'SGS', NULL, 'Steam Generator', NULL, 5, 0, 36, 0, 0, 0, NULL, NULL, NULL, 9, NULL, 7, 15, 4, 4, NULL, 0, 1, NULL, NULL, NULL),
	(538, 'SGS', NULL, 'Steam Generator', NULL, 5, 0, 36, 0, 0, 0, NULL, NULL, NULL, 9, NULL, 9, 15, 4, 4, NULL, 0, 1, NULL, NULL, NULL),
	(539, 'SMCA', NULL, 'Safety Management Additional', NULL, 32, 0, 0, 0, 0, 0, NULL, NULL, NULL, 11, NULL, 10, 26, 3, 4, NULL, 0, 9, NULL, NULL, NULL),
	(540, 'SMCI', NULL, 'Safety Management Initial', NULL, 32, 0, 6, 0, 0, 0, NULL, NULL, NULL, 7, NULL, 10, 26, 24, 4, NULL, 0, 9, NULL, NULL, NULL),
	(541, 'SMCM', NULL, 'Safety Management Cert. Misc.', NULL, 32, 0, 0, 0, 0, 0, NULL, NULL, NULL, 6, NULL, 10, 26, 2, 4, NULL, 0, 9, NULL, NULL, NULL),
	(542, 'SMCP', NULL, 'Safety Management Periodic', NULL, 32, 0, 30, 0, 6, 6, NULL, NULL, NULL, 8, NULL, 10, 26, 14, 4, NULL, 0, 9, NULL, NULL, NULL),
	(543, 'SMCR', NULL, 'Safety Management Renewal', NULL, 32, 0, 60, 0, 3, 0, NULL, NULL, NULL, 3, NULL, 10, 26, 23, 4, NULL, 0, 9, NULL, NULL, NULL),
	(544, 'SMCT', NULL, 'Safety Management Interim', NULL, 32, 0, 60, 0, 0, 0, NULL, NULL, NULL, 10, NULL, 10, 26, 28, 4, NULL, 0, 9, NULL, NULL, NULL),
	(545, 'SPS', NULL, 'Steampipes', NULL, 5, 0, 60, 0, 0, 0, NULL, NULL, NULL, 3, NULL, 2, 15, 7, 4, NULL, 0, 1, NULL, NULL, NULL),
	(546, 'SPS', NULL, 'Steampipes', NULL, 5, 0, 60, 0, 0, 0, NULL, NULL, NULL, 3, NULL, 3, 15, 7, 4, NULL, 0, 1, NULL, NULL, NULL),
	(547, 'SPS', NULL, 'Steampipes', NULL, 5, 0, 60, 0, 0, 0, NULL, NULL, NULL, 3, NULL, 5, 15, 7, 4, NULL, 0, 1, NULL, NULL, NULL),
	(548, 'SPS', NULL, 'Steampipes', NULL, 5, 0, 60, 0, 0, 0, NULL, NULL, NULL, 3, NULL, 7, 15, 7, 4, NULL, 0, 1, NULL, NULL, NULL),
	(549, 'SPS', NULL, 'Steampipes', NULL, 5, 0, 60, 0, 0, 0, NULL, NULL, NULL, 3, NULL, 9, 15, 7, 4, NULL, 0, 1, NULL, NULL, NULL),
	(550, 'SS', NULL, 'Special', NULL, 2, 0, 60, 0, 3, 0, NULL, NULL, NULL, 3, NULL, 1, 9, 26, 3, NULL, 0, 1, NULL, NULL, NULL),
	(551, 'SS', NULL, 'Special', NULL, 2, 0, 60, 0, 3, 0, NULL, NULL, NULL, 3, NULL, 2, 14, 26, 3, NULL, 0, 1, NULL, NULL, NULL),
	(552, 'SS', NULL, 'Special', NULL, 2, 0, 60, 0, 3, 0, NULL, NULL, NULL, 3, NULL, 3, 16, 11, 3, NULL, 0, 1, NULL, NULL, NULL),
	(553, 'SS', NULL, 'Special', NULL, 2, 0, 60, 0, 3, 0, NULL, NULL, NULL, 3, NULL, 4, 17, 26, 3, NULL, 0, 1, NULL, NULL, NULL),
	(554, 'SS', NULL, 'Special', NULL, 2, 0, 60, 0, 3, 0, NULL, NULL, NULL, 3, NULL, 6, 20, 26, 3, NULL, 0, 1, NULL, NULL, NULL),
	(555, 'SS', NULL, 'Special', NULL, 2, 0, 60, 0, 3, 0, NULL, NULL, NULL, 3, NULL, 7, 22, 26, 3, NULL, 0, 1, NULL, NULL, NULL),
	(556, 'SS', NULL, 'Special', NULL, 2, 0, 60, 0, 3, 0, NULL, NULL, NULL, 3, NULL, 8, 24, 26, 3, NULL, 0, 1, NULL, NULL, NULL),
	(557, 'SS', NULL, 'Special', NULL, 2, 0, 60, 0, 3, 0, NULL, NULL, NULL, 3, NULL, 9, 25, 26, 3, NULL, 0, 1, NULL, NULL, NULL),
	(558, 'SS', NULL, 'Special', NULL, 2, 0, 72, 0, 3, 0, NULL, NULL, NULL, 3, NULL, 5, 18, 26, 3, NULL, 0, 4, NULL, NULL, NULL),
	(559, 'STAM', NULL, 'Stability Miscellaneous', NULL, 31, 0, 0, 0, 0, 0, NULL, NULL, NULL, 6, NULL, 10, 50, 2, 4, NULL, 0, 8, NULL, NULL, NULL),
	(560, 'STAM', NULL, 'Stability Miscellaneous', NULL, 31, 0, 0, 0, 0, 0, NULL, NULL, NULL, 6, NULL, 10, 51, 2, 4, NULL, 0, 10, NULL, NULL, NULL),
	(561, 'STAM', NULL, 'Stability Miscellaneous', NULL, 31, 0, 0, 0, 0, 0, NULL, NULL, NULL, 6, NULL, 10, 52, 2, 4, NULL, 0, 7, NULL, NULL, NULL),
	(562, 'TOC', NULL, 'Transfer of Class', NULL, 51, 0, 0, 0, 0, 0, NULL, NULL, NULL, 6, NULL, 1, 11, 2, 4, NULL, 0, 1, NULL, NULL, NULL),
	(563, 'TOC', NULL, 'Transfer of Class', NULL, 51, 0, 0, 0, 0, 0, NULL, NULL, NULL, 6, NULL, 2, 11, 2, 4, NULL, 0, 1, NULL, NULL, NULL),
	(564, 'TOC', NULL, 'Transfer of Class', NULL, 51, 0, 0, 0, 0, 0, NULL, NULL, NULL, 6, NULL, 3, 11, 2, 4, NULL, 0, 1, NULL, NULL, NULL),
	(565, 'TOC', NULL, 'Transfer of Class', NULL, 51, 0, 0, 0, 0, 0, NULL, NULL, NULL, 6, NULL, 4, 11, 2, 4, NULL, 0, 1, NULL, NULL, NULL),
	(566, 'TOC', NULL, 'Transfer of Class', NULL, 51, 0, 0, 0, 0, 0, NULL, NULL, NULL, 6, NULL, 5, 11, 2, 4, NULL, 0, 1, NULL, NULL, NULL),
	(567, 'TOC', NULL, 'Transfer of Class', NULL, 51, 0, 0, 0, 0, 0, NULL, NULL, NULL, 6, NULL, 6, 11, 2, 4, NULL, 0, 1, NULL, NULL, NULL),
	(568, 'TOC', NULL, 'Transfer of Class', NULL, 51, 0, 0, 0, 0, 0, NULL, NULL, NULL, 6, NULL, 7, 11, 2, 4, NULL, 0, 1, NULL, NULL, NULL),
	(569, 'TOC', NULL, 'Transfer of Class', NULL, 51, 0, 0, 0, 0, 0, NULL, NULL, NULL, 6, NULL, 8, 11, 2, 4, NULL, 0, 1, NULL, NULL, NULL),
	(570, 'TOC', NULL, 'Transfer of Class', NULL, 51, 0, 0, 0, 0, 0, NULL, NULL, NULL, 6, NULL, 9, 11, 2, 4, NULL, 0, 1, NULL, NULL, NULL),
	(571, 'TOHS', NULL, 'Thermal Oil Heater', NULL, 5, 0, 36, 0, 0, 0, NULL, NULL, NULL, 9, NULL, 2, 15, 4, 4, NULL, 0, 1, NULL, NULL, NULL),
	(572, 'TOHS', NULL, 'Thermal Oil Heater', NULL, 5, 0, 36, 0, 0, 0, NULL, NULL, NULL, 9, NULL, 3, 15, 4, 4, NULL, 0, 1, NULL, NULL, NULL),
	(573, 'TOHS', NULL, 'Thermal Oil Heater', NULL, 5, 0, 36, 0, 0, 0, NULL, NULL, NULL, 9, NULL, 5, 15, 4, 4, NULL, 0, 1, NULL, NULL, NULL),
	(574, 'TOHS', NULL, 'Thermal Oil Heater', NULL, 5, 0, 36, 0, 0, 0, NULL, NULL, NULL, 9, NULL, 7, 15, 4, 4, NULL, 0, 1, NULL, NULL, NULL),
	(575, 'TOHS', NULL, 'Thermal Oil Heater', NULL, 5, 0, 36, 0, 0, 0, NULL, NULL, NULL, 9, NULL, 9, 15, 4, 4, NULL, 0, 1, NULL, NULL, NULL),
	(576, 'TONM', NULL, 'Tonnage Miscellaneous', NULL, 52, 0, 0, 0, 0, 0, NULL, NULL, NULL, 6, NULL, 10, 94, 2, 4, NULL, 0, 7, NULL, NULL, NULL),
	(577, 'TS', NULL, 'Screwshaft', NULL, 5, 0, 60, 0, 0, 0, NULL, NULL, NULL, 3, NULL, 2, 15, 7, 4, NULL, 0, 1, NULL, NULL, NULL),
	(578, 'TS', NULL, 'Screwshaft', NULL, 5, 0, 60, 0, 0, 0, NULL, NULL, NULL, 3, NULL, 3, 15, 7, 4, NULL, 0, 1, NULL, NULL, NULL),
	(579, 'TS', NULL, 'Screwshaft', NULL, 5, 0, 60, 0, 0, 0, NULL, NULL, NULL, 3, NULL, 5, 15, 7, 4, NULL, 0, 1, NULL, NULL, NULL),
	(580, 'TS', NULL, 'Screwshaft', NULL, 5, 0, 60, 0, 0, 0, NULL, NULL, NULL, 3, NULL, 7, 15, 7, 4, NULL, 0, 1, NULL, NULL, NULL),
	(581, 'TS', NULL, 'Screwshaft', NULL, 5, 0, 60, 0, 0, 0, NULL, NULL, NULL, 3, NULL, 9, 15, 7, 4, NULL, 0, 1, NULL, NULL, NULL),
	(582, 'UWE', NULL, 'Underwater Examination', NULL, 2, 0, 0, 0, 0, 0, NULL, NULL, NULL, 6, NULL, 1, 9, 2, 4, NULL, 0, 1, NULL, NULL, NULL),
	(583, 'UWE', NULL, 'Underwater Examination', NULL, 2, 0, 0, 0, 0, 0, NULL, NULL, NULL, 6, NULL, 2, 14, 2, 4, NULL, 0, 1, NULL, NULL, NULL),
	(584, 'UWE', NULL, 'Underwater Examination', NULL, 2, 0, 0, 0, 0, 0, NULL, NULL, NULL, 6, NULL, 3, 16, 2, 4, NULL, 0, 1, NULL, NULL, NULL),
	(585, 'UWE', NULL, 'Underwater Examination', NULL, 2, 0, 0, 0, 0, 0, NULL, NULL, NULL, 6, NULL, 4, 17, 2, 4, NULL, 0, 1, NULL, NULL, NULL),
	(586, 'UWE', NULL, 'Underwater Examination', NULL, 2, 0, 0, 0, 0, 0, NULL, NULL, NULL, 6, NULL, 5, 18, 2, 4, NULL, 0, 1, NULL, NULL, NULL),
	(587, 'UWE', NULL, 'Underwater Examination', NULL, 2, 0, 0, 0, 0, 0, NULL, NULL, NULL, 6, NULL, 6, 20, 2, 4, NULL, 0, 1, NULL, NULL, NULL),
	(588, 'UWE', NULL, 'Underwater Examination', NULL, 2, 0, 0, 0, 0, 0, NULL, NULL, NULL, 6, NULL, 7, 22, 2, 4, NULL, 0, 1, NULL, NULL, NULL),
	(589, 'UWE', NULL, 'Underwater Examination', NULL, 2, 0, 0, 0, 0, 0, NULL, NULL, NULL, 6, NULL, 8, 24, 2, 4, NULL, 0, 1, NULL, NULL, NULL),
	(590, 'UWE', NULL, 'Underwater Examination', NULL, 2, 0, 0, 0, 0, 0, NULL, NULL, NULL, 6, NULL, 9, 25, 2, 4, NULL, 0, 1, NULL, NULL, NULL);
/*!40000 ALTER TABLE `MAST_REF_ServiceCatalogue` ENABLE KEYS */;

/*!40000 ALTER TABLE `MAST_REF_ServiceGroup` DISABLE KEYS */;
INSERT INTO `MAST_REF_ServiceGroup` (`id`, `name`, `description`, `associated_scheduling_type`, `deleted`, `last_update_date`, `last_update_user_id`) VALUES
	(1, 'Lifting', NULL, 7, NULL, NULL, NULL),
	(2, 'Port State Control', NULL, 1, NULL, NULL, NULL),
	(3, 'ECO Notation', NULL, 7, NULL, NULL, NULL),
	(4, 'EP Notation', NULL, 7, NULL, NULL, NULL),
	(5, 'ENV Notation', NULL, 7, NULL, NULL, NULL),
	(6, 'ECO', NULL, 7, NULL, NULL, NULL),
	(7, 'MARPOL Garbage - HSSC', NULL, 8, NULL, NULL, NULL),
	(8, 'MARPOL Garbage - Non HSSC', NULL, 8, NULL, NULL, NULL),
	(9, 'Hull Floating Dock', NULL, 2, NULL, NULL, NULL),
	(10, 'Machinery', NULL, 6, NULL, NULL, NULL),
	(11, 'Transfer of Class', NULL, 1, NULL, NULL, NULL),
	(12, 'Green Passport', NULL, 7, NULL, NULL, NULL),
	(13, 'Gas Cargo', NULL, 1, NULL, NULL, NULL),
	(14, 'Hull IWW', NULL, 4, NULL, NULL, NULL),
	(15, 'Boilers, Steampipes and Propulsion', NULL, 6, NULL, NULL, NULL),
	(16, 'Hull Laker', NULL, 3, NULL, NULL, NULL),
	(17, 'Hull Linkspan', NULL, 2, NULL, NULL, NULL),
	(18, 'Hull Naval', NULL, 2, NULL, NULL, NULL),
	(19, 'Machinery Naval', NULL, 6, NULL, NULL, NULL),
	(20, 'Hull Energy', NULL, 2, NULL, NULL, NULL),
	(21, 'Environmental Protection', NULL, 7, NULL, NULL, NULL),
	(22, 'Hull', NULL, 2, NULL, NULL, NULL),
	(23, 'Refrigeration', NULL, 7, NULL, NULL, NULL),
	(24, 'Hull Ship Lift', NULL, 2, NULL, NULL, NULL),
	(25, 'Hull SSC', NULL, 5, NULL, NULL, NULL),
	(26, 'International Safety Management', NULL, 15, NULL, NULL, NULL),
	(27, 'Intl. Ship & Port Security Code', NULL, 15, NULL, NULL, NULL),
	(28, 'MLC', NULL, 15, NULL, NULL, NULL),
	(29, 'Anti-Fouling System - Non HSSC', NULL, 8, NULL, NULL, NULL),
	(30, 'Ballast Water - HSSC', NULL, 14, NULL, NULL, NULL),
	(31, 'Ballast Water - Non HSSC', NULL, 14, NULL, NULL, NULL),
	(32, 'CP Combined - Non HSSC', NULL, 14, NULL, NULL, NULL),
	(33, 'CP Sailing - Non HSSC', NULL, 13, NULL, NULL, NULL),
	(34, 'CP Workboats - Non HSSC', NULL, 14, NULL, NULL, NULL),
	(35, 'Megayacht - Non HSSC', NULL, 13, NULL, NULL, NULL),
	(36, 'MODU - HSSC', NULL, 14, NULL, NULL, NULL),
	(37, 'MODU - Non HSSC', NULL, 14, NULL, NULL, NULL),
	(38, 'Flag State Inspection - Non HSSC', NULL, 8, NULL, NULL, NULL),
	(39, 'Chemical Code - HSSC', NULL, 14, NULL, NULL, NULL),
	(40, 'Chemical Code - Non HSSC', NULL, 14, NULL, NULL, NULL),
	(41, 'Chemical Support Vessel - HSSC', NULL, 14, NULL, NULL, NULL),
	(42, 'Chemical Support Vessel - Non HSSC', NULL, 14, NULL, NULL, NULL),
	(43, 'Gas Code - HSSC', NULL, 14, NULL, NULL, NULL),
	(44, 'Gas Code - Non HSSC', NULL, 14, NULL, NULL, NULL),
	(45, 'Internat. Chem. Code - HSSC', NULL, 14, NULL, NULL, NULL),
	(46, 'Internat. Chem. Code - Non HSSC', NULL, 14, NULL, NULL, NULL),
	(47, 'Internat. Gas Code - HSSC', NULL, 14, NULL, NULL, NULL),
	(48, 'Internat. Gas Code - Non HSSC', NULL, 14, NULL, NULL, NULL),
	(49, 'ADNR - Non HSSC', NULL, 12, NULL, NULL, NULL),
	(50, 'Load Line - HSSC', NULL, 13, NULL, NULL, NULL),
	(51, 'Load Line - HSSC - Non Convention', NULL, 13, NULL, NULL, NULL),
	(52, 'Load Line - Non HSSC', NULL, 13, NULL, NULL, NULL),
	(53, 'Quadrennial Certification - Non HSSC', NULL, 13, NULL, NULL, NULL),
	(54, 'MARPOL Cond. Assessment - Non HSSC', NULL, 8, NULL, NULL, NULL),
	(55, 'MARPOL Oil - HSSC', NULL, 14, NULL, NULL, NULL),
	(56, 'MARPOL Oil - HSSC - Non Convention', NULL, 14, NULL, NULL, NULL),
	(57, 'MARPOL Oil - Non HSSC', NULL, 14, NULL, NULL, NULL),
	(58, 'MARPOL Noxious Subs. - HSSC', NULL, 14, NULL, NULL, NULL),
	(59, 'MARPOL Noxious Subs. - Non HSSC', NULL, 14, NULL, NULL, NULL),
	(60, 'MARPOL Sewage - HSSC', NULL, 11, NULL, NULL, NULL),
	(61, 'MARPOL Sewage - HSSC - Non Convention', NULL, 11, NULL, NULL, NULL),
	(62, 'MARPOL Sewage - Non HSSC', NULL, 11, NULL, NULL, NULL),
	(63, 'MARPOL Air - HSSC', NULL, 14, NULL, NULL, NULL),
	(64, 'MARPOL Air - HSSC - Non Convention', NULL, 14, NULL, NULL, NULL),
	(65, 'MARPOL Air - Non HSSC', NULL, 14, NULL, NULL, NULL),
	(66, 'Canadian Pollution - Non HSSC', NULL, 14, NULL, NULL, NULL),
	(67, 'Canadian Safety - Non HSSC', NULL, 11, NULL, NULL, NULL),
	(68, 'Cert. of Seaworthiness - HSSC', NULL, 13, NULL, NULL, NULL),
	(69, 'Cert of Structural Strength - Non HSSC', NULL, 14, NULL, NULL, NULL),
	(70, 'Cert. Escape-Evaluation - Non HSSC', NULL, 11, NULL, NULL, NULL),
	(71, 'Certificate of Stability - Non HSSC', NULL, 11, NULL, NULL, NULL),
	(72, 'Bulk Cargoes - HSSC', NULL, 13, NULL, NULL, NULL),
	(73, 'Bulk Cargoes - Non HSSC', NULL, 13, NULL, NULL, NULL),
	(74, 'Bulk Cargoes App A&C - HSSC', NULL, 11, NULL, NULL, NULL),
	(75, 'Bulk Cargoes App A&C - Non HSSC', NULL, 11, NULL, NULL, NULL),
	(76, 'Dangerous Goods - HSSC', NULL, 13, NULL, NULL, NULL),
	(77, 'Dangerous Goods - Non HSSC', NULL, 13, NULL, NULL, NULL),
	(78, 'Dangerous Goods Reg.19 - HSSC', NULL, 13, NULL, NULL, NULL),
	(79, 'Dangerous Goods Reg.19 - Non HSSC', NULL, 13, NULL, NULL, NULL),
	(80, 'Passenger Dangerous Goods - HSSC', NULL, 11, NULL, NULL, NULL),
	(81, 'Passenger Dangerous Goods - Non HSSC', NULL, 11, NULL, NULL, NULL),
	(82, 'Passenger Ship Lightweight - Non HSSC', NULL, 11, NULL, NULL, NULL),
	(83, 'Passenger Ship Safety - HSSC', NULL, 11, NULL, NULL, NULL),
	(84, 'Passenger Ship Safety - Non HSSC', NULL, 11, NULL, NULL, NULL),
	(85, 'Radiotel. - HSSC', NULL, 13, NULL, NULL, NULL),
	(86, 'Radiotel. - HSSC - Non Convention', NULL, 13, NULL, NULL, NULL),
	(87, 'Radiotel. - Non HSSC', NULL, 11, NULL, NULL, NULL),
	(88, 'Safcon - HSSC', NULL, 14, NULL, NULL, NULL),
	(89, 'Safcon - HSSC - Non Convention', NULL, 14, NULL, NULL, NULL),
	(90, 'Safcon - Non HSSC', NULL, 10, NULL, NULL, NULL),
	(91, 'Safety Equipment - HSSC', NULL, 14, NULL, NULL, NULL),
	(92, 'Safety Equipment - HSSC - Non Convention', NULL, 14, NULL, NULL, NULL),
	(93, 'Safety Equipment - Non HSSC', NULL, 9, NULL, NULL, NULL),
	(94, 'Tonnage - Non HSSC', NULL, 8, NULL, NULL, NULL),
	(95, 'ILO', NULL, 8, NULL, NULL, NULL),
	(96, 'Asset Miscellaneous', NULL, 1, NULL, NULL, NULL);
/*!40000 ALTER TABLE `MAST_REF_ServiceGroup` ENABLE KEYS */;

/*!40000 ALTER TABLE `MAST_REF_ServiceRuleset` DISABLE KEYS */;
INSERT INTO `MAST_REF_ServiceRuleset` (`id`, `name`, `description`, `deleted`, `last_update_date`, `last_update_user_id`) VALUES
	(1, 'Floating Dock', NULL, NULL, NULL, NULL),
	(2, 'IWW', NULL, NULL, NULL, NULL),
	(3, 'Laker', NULL, NULL, NULL, NULL),
	(4, 'Linkspan', NULL, NULL, NULL, NULL),
	(5, 'Naval', NULL, NULL, NULL, NULL),
	(6, 'ROU', NULL, NULL, NULL, NULL),
	(7, 'Ship', NULL, NULL, NULL, NULL),
	(8, 'Ship Lift', NULL, NULL, NULL, NULL),
	(9, 'SSC', NULL, NULL, NULL, NULL),
	(10, 'None', NULL, NULL, NULL, NULL);
/*!40000 ALTER TABLE `MAST_REF_ServiceRuleset` ENABLE KEYS */;

/*!40000 ALTER TABLE `MAST_REF_ServiceStatus` DISABLE KEYS */;
INSERT INTO `MAST_REF_ServiceStatus` (`id`, `name`, `deleted`, `last_update_date`, `last_update_user_id`) VALUES
	(1, 'Planned', NULL, NULL, NULL),
	(2, 'Complete', NULL, NULL, NULL),
	(3, 'Part-Held', NULL, NULL, NULL),
	(4, 'Postponed', NULL, NULL, NULL),
	(5, 'Completed with Defect Found', NULL, NULL, NULL),
	(6, 'Not Started', NULL, NULL, NULL),
	(7, 'Finished', NULL, NULL, NULL);
/*!40000 ALTER TABLE `MAST_REF_ServiceStatus` ENABLE KEYS */;

/*!40000 ALTER TABLE `MAST_REF_ServiceType` DISABLE KEYS */;
INSERT INTO `MAST_REF_ServiceType` (`id`, `name`, `description`, `deleted`, `last_update_date`, `last_update_user_id`) VALUES
	(1, 'Intermediate', NULL, NULL, NULL, NULL),
	(2, 'Docking', NULL, NULL, NULL, NULL),
	(3, 'Renewal', NULL, NULL, NULL, NULL),
	(4, 'Annual', NULL, NULL, NULL, NULL),
	(5, 'Alternate', NULL, NULL, NULL, NULL),
	(6, 'Miscellaneous', NULL, NULL, NULL, NULL),
	(7, 'Initial', NULL, NULL, NULL, NULL),
	(8, 'Periodic', NULL, NULL, NULL, NULL),
	(9, 'Stand-Alone 2 in Special Cycle', NULL, NULL, NULL, NULL),
	(10, 'Interim', NULL, NULL, NULL, NULL),
	(11, 'Additional', NULL, NULL, NULL, NULL);
/*!40000 ALTER TABLE `MAST_REF_ServiceType` ENABLE KEYS */;

